,state,year,population,biodiesel,cng,e85,electric,hydrogen,lng,propane,total,electric_by_pop
0,Alabama,2008,4718206.0,11.0,3.0,6.0,0.0,0.0,0.0,40.0,60.0,0.0
1,Arizona,2008,6280362.0,10.0,40.0,23.0,5.0,1.0,5.0,51.0,135.0,0.007961324522376257
2,Arkansas,2008,2874554.0,2.0,3.0,7.0,0.0,0.0,0.0,37.0,49.0,0.0
3,California,2008,36604337.0,36.0,184.0,13.0,376.0,26.0,28.0,199.0,862.0,0.1027200683897102
4,Colorado,2008,4889730.0,18.0,18.0,65.0,0.0,0.0,0.0,43.0,144.0,0.0
5,Connecticut,2008,3545579.0,1.0,9.0,4.0,3.0,1.0,0.0,13.0,31.0,0.008461241450268065
6,Delaware,2008,883874.0,3.0,1.0,1.0,0.0,0.0,0.0,2.0,7.0,0.0
7,Florida,2008,18527305.0,12.0,15.0,18.0,3.0,2.0,0.0,47.0,97.0,0.0016192317231243294
8,Georgia,2008,9504843.0,28.0,18.0,28.0,0.0,0.0,0.0,37.0,111.0,0.0
9,Idaho,2008,1534320.0,6.0,7.0,5.0,0.0,0.0,1.0,25.0,44.0,0.0
10,Illinois,2008,12747038.0,3.0,20.0,181.0,5.0,1.0,0.0,52.0,262.0,0.003922479873363522
11,Indiana,2008,6424806.0,6.0,14.0,111.0,0.0,0.0,0.0,31.0,162.0,0.0
12,Iowa,2008,3016734.0,5.0,0.0,107.0,0.0,0.0,0.0,24.0,136.0,0.0
13,Kansas,2008,2808076.0,5.0,2.0,23.0,0.0,0.0,0.0,44.0,74.0,0.0
14,Kentucky,2008,4289878.0,1.0,0.0,11.0,0.0,0.0,0.0,13.0,25.0,0.0
15,Louisiana,2008,4435586.0,1.0,5.0,3.0,0.0,0.0,0.0,9.0,18.0,0.0
16,Maine,2008,1330509.0,5.0,1.0,0.0,0.0,0.0,0.0,8.0,14.0,0.0
17,Maryland,2008,5684965.0,8.0,14.0,12.0,0.0,0.0,0.0,13.0,47.0,0.0
18,Massachusetts,2008,6468967.0,5.0,11.0,1.0,12.0,1.0,0.0,21.0,51.0,0.018550102357918968
19,Michigan,2008,9946889.0,17.0,13.0,60.0,0.0,7.0,0.0,69.0,166.0,0.0
20,Minnesota,2008,5247018.0,1.0,1.0,353.0,0.0,0.0,0.0,30.0,385.0,0.0
21,Mississippi,2008,2947806.0,5.0,0.0,2.0,0.0,0.0,0.0,33.0,40.0,0.0
22,Missouri,2008,5923916.0,5.0,6.0,87.0,0.0,1.0,0.0,65.0,164.0,0.0
23,Montana,2008,976415.0,4.0,3.0,1.0,0.0,0.0,0.0,29.0,37.0,0.0
24,Nebraska,2008,1796378.0,3.0,2.0,35.0,0.0,0.0,0.0,18.0,58.0,0.0
25,Nevada,2008,2653630.0,12.0,11.0,16.0,0.0,2.0,0.0,28.0,69.0,0.0
26,New Hampshire,2008,1315906.0,11.0,3.0,0.0,8.0,0.0,0.0,11.0,33.0,0.06079461602880449
27,New Jersey,2008,8711090.0,1.0,11.0,0.0,0.0,0.0,0.0,10.0,22.0,0.0
28,New Mexico,2008,2010662.0,7.0,11.0,8.0,0.0,1.0,0.0,49.0,76.0,0.0
29,New York,2008,19212436.0,5.0,92.0,17.0,1.0,0.0,0.0,30.0,145.0,0.0005204962036047901
30,North Carolina,2008,9309449.0,66.0,12.0,14.0,0.0,0.0,0.0,44.0,136.0,0.0
31,North Dakota,2008,657569.0,0.0,2.0,30.0,0.0,1.0,0.0,13.0,46.0,0.0
32,Ohio,2008,11515391.0,24.0,8.0,64.0,0.0,0.0,0.0,66.0,162.0,0.0
33,Oklahoma,2008,3668976.0,6.0,51.0,6.0,0.0,0.0,0.0,64.0,127.0,0.0
34,Oregon,2008,3768748.0,36.0,12.0,8.0,15.0,2.0,0.0,29.0,102.0,0.03980101614647623
35,Pennsylvania,2008,12612285.0,7.0,25.0,19.0,0.0,0.0,0.0,63.0,114.0,0.0
36,Rhode Island,2008,1055003.0,2.0,6.0,0.0,2.0,1.0,0.0,4.0,15.0,0.01895729206457233
37,South Carolina,2008,4528996.0,73.0,4.0,72.0,0.0,0.0,0.0,20.0,169.0,0.0
38,South Dakota,2008,799124.0,0.0,0.0,78.0,0.0,0.0,0.0,16.0,94.0,0.0
39,Tennessee,2008,6247411.0,34.0,3.0,25.0,0.0,0.0,0.0,42.0,104.0,0.0
40,Texas,2008,24309039.0,52.0,17.0,35.0,1.0,0.0,4.0,484.0,593.0,0.0004113696144055716
41,Utah,2008,2663029.0,7.0,60.0,5.0,0.0,1.0,0.0,22.0,95.0,0.0
42,Vermont,2008,624151.0,2.0,1.0,0.0,2.0,1.0,0.0,5.0,11.0,0.03204352792833785
43,Virginia,2008,7833496.0,22.0,9.0,6.0,1.0,0.0,0.0,19.0,57.0,0.0012765692354984289
44,Washington,2008,6562231.0,41.0,14.0,14.0,2.0,0.0,0.0,52.0,123.0,0.0030477439760959344
45,West Virginia,2008,1840310.0,1.0,1.0,3.0,0.0,0.0,0.0,5.0,10.0,0.0
46,Wisconsin,2008,5640996.0,1.0,18.0,113.0,0.0,0.0,0.0,41.0,173.0,0.0
47,Wyoming,2008,546043.0,14.0,8.0,6.0,0.0,0.0,0.0,27.0,55.0,0.0
48,Alabama,2009,4757938.0,12.0,5.0,16.0,0.0,0.0,0.0,158.0,191.0,0.0
49,Arizona,2009,6343154.0,13.0,39.0,26.0,5.0,1.0,5.0,54.0,143.0,0.0078825139670265
50,Arkansas,2009,2896843.0,7.0,5.0,10.0,0.0,0.0,0.0,41.0,63.0,0.0
51,California,2009,36961229.0,39.0,200.0,45.0,411.0,26.0,27.0,189.0,937.0,0.11119760114037334
52,Colorado,2009,4972195.0,19.0,20.0,80.0,1.0,2.0,0.0,46.0,168.0,0.0020111841953101197
53,Connecticut,2009,3561807.0,1.0,12.0,4.0,0.0,2.0,0.0,12.0,31.0,0.0
54,Delaware,2009,891730.0,3.0,1.0,1.0,0.0,0.0,0.0,2.0,7.0,0.0
55,Florida,2009,18652644.0,17.0,15.0,30.0,4.0,2.0,0.0,57.0,125.0,0.0021444680979275646
56,Georgia,2009,9620846.0,28.0,15.0,37.0,1.0,0.0,0.0,41.0,122.0,0.001039409631959601
57,Idaho,2009,1554439.0,8.0,7.0,5.0,5.0,0.0,1.0,25.0,51.0,0.032165945398951
58,Illinois,2009,12796778.0,5.0,23.0,204.0,6.0,1.0,0.0,72.0,311.0,0.004688680228726325
59,Indiana,2009,6459325.0,7.0,7.0,112.0,0.0,0.0,0.0,43.0,169.0,0.0
60,Iowa,2009,3032870.0,3.0,0.0,124.0,0.0,0.0,0.0,26.0,153.0,0.0
61,Kansas,2009,2832704.0,6.0,3.0,31.0,0.0,0.0,0.0,45.0,85.0,0.0
62,Kentucky,2009,4317074.0,2.0,0.0,15.0,0.0,0.0,0.0,25.0,42.0,0.0
63,Louisiana,2009,4491648.0,1.0,6.0,5.0,0.0,0.0,0.0,14.0,26.0,0.0
64,Maine,2009,1329590.0,3.0,1.0,0.0,0.0,0.0,0.0,9.0,13.0,0.0
65,Maryland,2009,5730388.0,9.0,4.0,15.0,0.0,0.0,0.0,18.0,46.0,0.0
66,Massachusetts,2009,6517613.0,6.0,21.0,2.0,3.0,1.0,0.0,22.0,55.0,0.004602912139766506
67,Michigan,2009,9901591.0,16.0,13.0,95.0,0.0,7.0,0.0,68.0,199.0,0.0
68,Minnesota,2009,5281203.0,0.0,1.0,351.0,2.0,0.0,0.0,27.0,381.0,0.003787015950721833
69,Mississippi,2009,2958774.0,6.0,2.0,4.0,0.0,0.0,0.0,35.0,47.0,0.0
70,Missouri,2009,5961088.0,5.0,10.0,97.0,0.0,1.0,0.0,69.0,182.0,0.0
71,Montana,2009,983982.0,6.0,3.0,1.0,0.0,0.0,0.0,43.0,53.0,0.0
72,Nebraska,2009,1812683.0,4.0,1.0,48.0,0.0,0.0,0.0,18.0,71.0,0.0
73,Nevada,2009,2684665.0,13.0,11.0,14.0,0.0,2.0,0.0,28.0,68.0,0.0
74,New Hampshire,2009,1316102.0,11.0,3.0,0.0,2.0,0.0,0.0,9.0,25.0,0.015196390553315777
75,New Jersey,2009,8755602.0,3.0,14.0,2.0,2.0,0.0,0.0,10.0,31.0,0.0022842518424204296
76,New Mexico,2009,2036802.0,8.0,8.0,10.0,0.0,0.0,0.0,51.0,77.0,0.0
77,New York,2009,19307066.0,12.0,97.0,38.0,1.0,7.0,0.0,22.0,177.0,0.0005179450880832956
78,North Carolina,2009,9449566.0,138.0,14.0,19.0,3.0,0.0,0.0,53.0,227.0,0.0031747489778895664
79,North Dakota,2009,664968.0,3.0,2.0,30.0,0.0,1.0,0.0,23.0,59.0,0.0
80,Ohio,2009,11528896.0,21.0,9.0,63.0,0.0,1.0,0.0,68.0,162.0,0.0
81,Oklahoma,2009,3717572.0,5.0,49.0,11.0,0.0,0.0,0.0,58.0,123.0,0.0
82,Oregon,2009,3808600.0,25.0,13.0,8.0,23.0,0.0,0.0,30.0,99.0,0.06038964448878853
83,Pennsylvania,2009,12666858.0,12.0,22.0,26.0,0.0,2.0,0.0,65.0,127.0,0.0
84,Rhode Island,2009,1053646.0,2.0,5.0,0.0,0.0,0.0,0.0,5.0,12.0,0.0
85,South Carolina,2009,4589872.0,30.0,3.0,87.0,0.0,2.0,0.0,20.0,142.0,0.0
86,South Dakota,2009,807067.0,2.0,0.0,78.0,0.0,0.0,0.0,16.0,96.0,0.0
87,Tennessee,2009,6306019.0,36.0,4.0,29.0,1.0,0.0,0.0,44.0,114.0,0.001585786531883269
88,Texas,2009,24801761.0,20.0,20.0,41.0,3.0,0.0,4.0,541.0,629.0,0.0012095915286015376
89,Utah,2009,2723421.0,4.0,59.0,5.0,0.0,0.0,0.0,24.0,92.0,0.0
90,Vermont,2009,624817.0,1.0,2.0,0.0,2.0,1.0,0.0,4.0,10.0,0.03200937234422239
91,Virginia,2009,7925937.0,17.0,11.0,9.0,3.0,1.0,0.0,38.0,79.0,0.0037850414405262117
92,Washington,2009,6667426.0,47.0,15.0,15.0,3.0,0.0,0.0,64.0,144.0,0.004499487508372796
93,West Virginia,2009,1847775.0,1.0,0.0,3.0,0.0,1.0,0.0,8.0,13.0,0.0
94,Wisconsin,2009,5669264.0,1.0,18.0,127.0,0.0,0.0,0.0,45.0,191.0,0.0
95,Wyoming,2009,559851.0,15.0,7.0,6.0,0.0,0.0,0.0,23.0,51.0,0.0
96,Alabama,2010,4785437.0,5.0,4.0,15.0,0.0,0.0,1.0,128.0,153.0,0.0
97,Arizona,2010,6407172.0,14.0,36.0,32.0,8.0,1.0,5.0,61.0,157.0,0.012486007867433556
98,Arkansas,2010,2921964.0,6.0,4.0,13.0,1.0,0.0,0.0,51.0,75.0,0.0034223556484611036
99,California,2010,37319502.0,35.0,213.0,54.0,428.0,22.0,32.0,227.0,1011.0,0.1146853460156033
100,Colorado,2010,5047349.0,14.0,23.0,86.0,5.0,1.0,0.0,50.0,179.0,0.009906190358542673
101,Connecticut,2010,3579114.0,1.0,13.0,1.0,4.0,2.0,0.0,16.0,37.0,0.01117595024913987
102,Delaware,2010,899593.0,3.0,1.0,1.0,0.0,0.0,0.0,3.0,8.0,0.0
103,Florida,2010,18845537.0,16.0,14.0,42.0,7.0,0.0,0.0,75.0,154.0,0.003714407289110414
104,Georgia,2010,9711881.0,26.0,18.0,41.0,1.0,0.0,0.0,47.0,133.0,0.001029666652628878
105,Idaho,2010,1570746.0,8.0,8.0,7.0,5.0,0.0,1.0,29.0,58.0,0.03183200848514018
106,Illinois,2010,12840503.0,5.0,25.0,219.0,19.0,1.0,0.0,72.0,341.0,0.014796928126569495
107,Indiana,2010,6490432.0,7.0,10.0,138.0,0.0,0.0,0.0,47.0,202.0,0.0
108,Iowa,2010,3050745.0,3.0,0.0,144.0,6.0,0.0,0.0,20.0,173.0,0.019667327161070492
109,Kansas,2010,2858190.0,6.0,2.0,39.0,0.0,0.0,0.0,37.0,84.0,0.0
110,Kentucky,2010,4348181.0,2.0,0.0,21.0,0.0,0.0,0.0,44.0,67.0,0.0
111,Louisiana,2010,4544532.0,1.0,7.0,5.0,0.0,0.0,0.0,16.0,29.0,0.0
112,Maine,2010,1327629.0,3.0,1.0,0.0,0.0,0.0,0.0,5.0,9.0,0.0
113,Maryland,2010,5788645.0,9.0,5.0,19.0,2.0,0.0,0.0,22.0,57.0,0.0034550399964067583
114,Massachusetts,2010,6566307.0,6.0,22.0,3.0,3.0,1.0,0.0,22.0,57.0,0.004568778157950884
115,Michigan,2010,9877510.0,15.0,14.0,109.0,11.0,5.0,0.0,67.0,221.0,0.011136409884677415
116,Minnesota,2010,5310828.0,0.0,1.0,360.0,2.0,0.0,0.0,33.0,396.0,0.0037658911190496095
117,Mississippi,2010,2970548.0,5.0,2.0,3.0,0.0,0.0,0.0,40.0,50.0,0.0
118,Missouri,2010,5995974.0,3.0,9.0,103.0,1.0,1.0,0.0,76.0,193.0,0.0016677857509055244
119,Montana,2010,990697.0,6.0,3.0,2.0,0.0,0.0,0.0,53.0,64.0,0.0
120,Nebraska,2010,1829542.0,3.0,1.0,58.0,0.0,0.0,0.0,17.0,79.0,0.0
121,Nevada,2010,2702405.0,6.0,11.0,26.0,1.0,2.0,0.0,43.0,89.0,0.0037004075998971287
122,New Hampshire,2010,1316762.0,11.0,3.0,0.0,4.0,0.0,0.0,7.0,25.0,0.030377547347204735
123,New Jersey,2010,8799446.0,4.0,20.0,4.0,4.0,0.0,0.0,10.0,42.0,0.004545740720495358
124,New Mexico,2010,2064552.0,7.0,10.0,11.0,0.0,0.0,0.0,54.0,82.0,0.0
125,New York,2010,19399878.0,16.0,101.0,75.0,9.0,10.0,0.0,27.0,238.0,0.004639204432110346
126,North Carolina,2010,9574323.0,141.0,16.0,20.0,5.0,0.0,0.0,72.0,254.0,0.005222301357495459
127,North Dakota,2010,674715.0,3.0,2.0,55.0,0.0,1.0,0.0,24.0,85.0,0.0
128,Ohio,2010,11539336.0,21.0,11.0,67.0,1.0,1.0,0.0,68.0,169.0,0.0008666009898663146
129,Oklahoma,2010,3759944.0,5.0,50.0,13.0,0.0,0.0,0.0,58.0,126.0,0.0
130,Oregon,2010,3837491.0,24.0,12.0,8.0,36.0,0.0,0.0,32.0,112.0,0.09381129493202721
131,Pennsylvania,2010,12711160.0,6.0,24.0,37.0,1.0,2.0,0.0,70.0,140.0,0.0007867102609045909
132,Rhode Island,2010,1053959.0,2.0,5.0,0.0,1.0,0.0,0.0,5.0,13.0,0.009488035113320348
133,South Carolina,2010,4635649.0,30.0,5.0,101.0,1.0,2.0,0.0,26.0,165.0,0.0021571952492520463
134,South Dakota,2010,816166.0,2.0,0.0,101.0,0.0,0.0,0.0,18.0,121.0,0.0
135,Tennessee,2010,6355311.0,49.0,5.0,39.0,1.0,0.0,0.0,76.0,170.0,0.0015734871196704614
136,Texas,2010,25241971.0,17.0,30.0,48.0,26.0,1.0,4.0,520.0,646.0,0.010300304995992588
137,Utah,2010,2775332.0,2.0,72.0,5.0,0.0,0.0,0.0,30.0,109.0,0.0
138,Vermont,2010,625879.0,2.0,2.0,0.0,2.0,1.0,0.0,6.0,13.0,0.031955058405858
139,Virginia,2010,8023699.0,15.0,11.0,11.0,3.0,1.0,0.0,37.0,78.0,0.0037389239052960485
140,Washington,2010,6742830.0,28.0,15.0,15.0,15.0,0.0,0.0,69.0,142.0,0.022245852260845966
141,West Virginia,2010,1854239.0,1.0,1.0,3.0,0.0,1.0,0.0,8.0,14.0,0.0
142,Wisconsin,2010,5690475.0,0.0,16.0,132.0,5.0,0.0,0.0,50.0,203.0,0.008786612716864584
143,Wyoming,2010,564487.0,14.0,7.0,6.0,0.0,0.0,0.0,25.0,52.0,0.0
144,Alabama,2011,4799069.0,0.0,1.0,0.0,0.0,0.0,0.0,8.0,9.0,0.0
145,Arizona,2011,6472643.0,5.0,6.0,20.0,11.0,0.0,0.0,49.0,91.0,0.016994603286478182
146,Arkansas,2011,2940667.0,14.0,30.0,33.0,43.0,1.0,1.0,67.0,189.0,0.14622532915151562
147,California,2011,37638369.0,48.0,224.0,58.0,1392.0,23.0,34.0,227.0,2006.0,0.36983536667064404
148,Colorado,2011,5121108.0,14.0,29.0,83.0,33.0,1.0,0.0,53.0,213.0,0.06443917995871205
149,Connecticut,2011,3588283.0,3.0,13.0,0.0,40.0,2.0,1.0,16.0,75.0,0.11147392778105851
150,Delaware,2011,907381.0,1.0,1.0,1.0,0.0,0.0,0.0,3.0,6.0,0.0
151,Florida,2011,19053237.0,15.0,15.0,62.0,357.0,0.0,0.0,71.0,520.0,0.18736973670143295
152,Georgia,2011,9802431.0,25.0,17.0,51.0,44.0,0.0,0.0,57.0,194.0,0.04488682450302379
153,Idaho,2011,1583910.0,3.0,0.0,167.0,24.0,0.0,0.0,21.0,215.0,0.15152376081974356
154,Illinois,2011,12867454.0,9.0,8.0,9.0,19.0,0.0,0.0,29.0,74.0,0.014765935825377732
155,Indiana,2011,6516528.0,8.0,27.0,218.0,170.0,1.0,0.0,67.0,491.0,0.2608751163196107
156,Iowa,2011,3066336.0,4.0,9.0,153.0,9.0,0.0,0.0,52.0,227.0,0.02935099088945243
157,Kansas,2011,2869225.0,6.0,4.0,40.0,13.0,0.0,0.0,38.0,101.0,0.04530840209464228
158,Kentucky,2011,4369821.0,4.0,1.0,29.0,0.0,0.0,0.0,41.0,75.0,0.0
159,Louisiana,2011,4575625.0,2.0,9.0,2.0,12.0,0.0,0.0,22.0,47.0,0.026225925420024585
160,Maine,2011,1328284.0,7.0,20.0,4.0,60.0,1.0,0.0,21.0,113.0,0.45171062814879953
161,Maryland,2011,5839419.0,7.0,6.0,23.0,167.0,0.0,0.0,17.0,220.0,0.2859873559338694
162,Massachusetts,2011,6613583.0,3.0,1.0,0.0,0.0,0.0,0.0,7.0,11.0,0.0
163,Michigan,2011,9882412.0,16.0,16.0,122.0,355.0,4.0,0.0,65.0,578.0,0.35922404368488176
164,Minnesota,2011,5346143.0,3.0,2.0,364.0,69.0,0.0,0.0,38.0,476.0,0.12906501004555995
165,Mississippi,2011,2978731.0,4.0,9.0,106.0,36.0,1.0,0.0,68.0,224.0,0.12085683467221443
166,Missouri,2011,6010275.0,3.0,1.0,2.0,6.0,0.0,0.0,39.0,51.0,0.009982904276426618
167,Montana,2011,997316.0,6.0,2.0,1.0,0.0,0.0,0.0,46.0,55.0,0.0
168,Nebraska,2011,1840672.0,143.0,22.0,29.0,152.0,0.0,0.0,63.0,409.0,0.8257853653448305
169,Nevada,2011,2712730.0,2.0,2.0,74.0,0.0,1.0,0.0,18.0,97.0,0.0
170,New Hampshire,2011,1320202.0,2.0,3.0,68.0,0.0,0.0,0.0,19.0,92.0,0.0
171,New Jersey,2011,8828117.0,5.0,4.0,0.0,15.0,0.0,0.0,12.0,36.0,0.016991165839782142
172,New Mexico,2011,2080450.0,3.0,23.0,4.0,70.0,0.0,0.0,10.0,110.0,0.3364656684851835
173,New York,2011,19499241.0,6.0,10.0,9.0,6.0,0.0,0.0,50.0,81.0,0.0030770428448984245
174,North Carolina,2011,9657592.0,5.0,11.0,23.0,27.0,2.0,0.0,41.0,109.0,0.02795727962001294
175,North Dakota,2011,685225.0,24.0,105.0,82.0,226.0,9.0,0.0,34.0,480.0,3.298186726987486
176,Ohio,2011,11544663.0,21.0,15.0,84.0,37.0,1.0,0.0,65.0,223.0,0.03204944137390585
177,Oklahoma,2011,3788379.0,6.0,63.0,15.0,0.0,0.0,0.0,56.0,140.0,0.0
178,Oregon,2011,3872036.0,26.0,12.0,9.0,313.0,0.0,0.0,32.0,392.0,0.8083602528488888
179,Pennsylvania,2011,12745815.0,8.0,29.0,35.0,33.0,2.0,0.0,69.0,176.0,0.025890851232345677
180,Rhode Island,2011,1053649.0,2.0,5.0,0.0,5.0,0.0,0.0,6.0,18.0,0.047454133207548245
181,South Carolina,2011,4671994.0,30.0,5.0,100.0,82.0,2.0,0.0,27.0,246.0,0.17551392403329283
182,South Dakota,2011,823579.0,1.0,0.0,102.0,0.0,0.0,0.0,17.0,120.0,0.0
183,Tennessee,2011,6399291.0,44.0,6.0,44.0,126.0,0.0,0.0,74.0,294.0,0.196896812475007
184,Texas,2011,25645629.0,14.0,35.0,58.0,388.0,1.0,5.0,491.0,992.0,0.15129283824545697
185,Utah,2011,2814384.0,5.0,72.0,4.0,13.0,0.0,1.0,29.0,124.0,0.04619128022330997
186,Vermont,2011,627049.0,12.0,11.0,15.0,90.0,1.0,0.0,56.0,185.0,1.4352945304114988
187,Virginia,2011,8101155.0,1.0,3.0,0.0,8.0,1.0,0.0,5.0,18.0,0.009875135088762034
188,Washington,2011,6826627.0,32.0,15.0,19.0,438.0,0.0,0.0,67.0,571.0,0.6416052905776162
189,West Virginia,2011,1856301.0,2.0,17.0,140.0,60.0,0.0,0.0,48.0,267.0,0.32322344274985576
190,Wisconsin,2011,5705288.0,0.0,1.0,3.0,6.0,1.0,0.0,9.0,20.0,0.010516559374390916
191,Wyoming,2011,567299.0,13.0,8.0,5.0,0.0,0.0,0.0,22.0,48.0,0.0
192,Alabama,2012,4815588.0,0.0,1.0,0.0,4.0,0.0,0.0,7.0,12.0,0.008306358434317885
193,Arizona,2012,6554978.0,4.0,5.0,33.0,36.0,0.0,0.0,44.0,122.0,0.05492009279054789
194,Arkansas,2012,2952164.0,20.0,33.0,32.0,527.0,1.0,6.0,63.0,682.0,1.7851311783491701
195,California,2012,37948800.0,69.0,256.0,71.0,3573.0,24.0,41.0,227.0,4261.0,0.9415317480394637
196,Colorado,2012,5192647.0,21.0,36.0,84.0,206.0,1.0,0.0,59.0,407.0,0.39671481616216164
197,Connecticut,2012,3594547.0,2.0,16.0,1.0,150.0,2.0,1.0,15.0,187.0,0.4172987583692743
198,Delaware,2012,915179.0,1.0,1.0,1.0,14.0,0.0,0.0,3.0,20.0,0.1529755381187724
199,Florida,2012,19297822.0,15.0,28.0,51.0,862.0,0.0,0.0,68.0,1024.0,0.4466825323603876
200,Georgia,2012,9901430.0,26.0,23.0,59.0,193.0,0.0,0.0,46.0,347.0,0.19492133964487957
201,Idaho,2012,1595324.0,7.0,2.0,188.0,72.0,0.0,0.0,20.0,289.0,0.45131897971822654
202,Illinois,2012,12882510.0,7.0,8.0,9.0,11.0,0.0,0.0,27.0,62.0,0.008538708683323359
203,Indiana,2012,6537703.0,10.0,36.0,206.0,471.0,1.0,0.0,97.0,821.0,0.7204365202885478
204,Iowa,2012,3076190.0,8.0,15.0,157.0,166.0,0.0,0.0,181.0,527.0,0.53962856650597
205,Kansas,2012,2885257.0,7.0,6.0,32.0,67.0,0.0,0.0,36.0,148.0,0.23221501585474016
206,Kentucky,2012,4386346.0,3.0,4.0,35.0,36.0,0.0,0.0,43.0,121.0,0.08207286885257115
207,Louisiana,2012,4600972.0,2.0,18.0,4.0,61.0,0.0,1.0,21.0,107.0,0.13258068077788782
208,Maine,2012,1327729.0,6.0,20.0,8.0,414.0,1.0,0.0,20.0,469.0,3.1181061798002454
209,Maryland,2012,5886992.0,9.0,9.0,22.0,406.0,0.0,0.0,18.0,464.0,0.6896561096057205
210,Massachusetts,2012,6663005.0,4.0,1.0,1.0,21.0,0.0,0.0,9.0,36.0,0.03151731088300248
211,Michigan,2012,9897145.0,18.0,19.0,129.0,651.0,4.0,0.0,75.0,896.0,0.6577654464999755
212,Minnesota,2012,5376643.0,9.0,8.0,360.0,150.0,0.0,0.0,37.0,564.0,0.2789844890203794
213,Mississippi,2012,2983816.0,4.0,11.0,110.0,120.0,1.0,0.0,64.0,310.0,0.4021695707778228
214,Missouri,2012,6024367.0,3.0,2.0,1.0,38.0,0.0,0.0,138.0,182.0,0.06307716644752885
215,Montana,2012,1003783.0,6.0,2.0,3.0,2.0,0.0,0.0,41.0,54.0,0.019924625143083716
216,Nebraska,2012,1853303.0,137.0,30.0,30.0,465.0,0.0,0.0,64.0,726.0,2.5090338708781026
217,Nevada,2012,2743996.0,3.0,2.0,79.0,4.0,0.0,0.0,18.0,106.0,0.014577280724899016
218,New Hampshire,2012,1324232.0,3.0,8.0,77.0,8.0,0.0,0.0,22.0,118.0,0.06041237487086854
219,New Jersey,2012,8844942.0,3.0,3.0,0.0,42.0,0.0,0.0,11.0,59.0,0.047484765869578345
220,New Mexico,2012,2087309.0,5.0,27.0,5.0,188.0,0.0,0.0,10.0,235.0,0.9006812120294599
221,New York,2012,19572932.0,8.0,10.0,14.0,31.0,0.0,0.0,49.0,112.0,0.015838199407222177
222,North Carolina,2012,9749476.0,5.0,7.0,19.0,55.0,2.0,1.0,39.0,128.0,0.0564132882628769
223,North Dakota,2012,701176.0,21.0,111.0,84.0,520.0,9.0,0.0,35.0,780.0,7.416112359806953
224,Ohio,2012,11548923.0,21.0,24.0,88.0,149.0,1.0,1.0,71.0,355.0,0.12901635936095512
225,Oklahoma,2012,3818814.0,5.0,91.0,27.0,26.0,0.0,0.0,54.0,203.0,0.06808396533583463
226,Oregon,2012,3899001.0,25.0,14.0,8.0,775.0,0.0,0.0,33.0,855.0,1.9876886412699046
227,Pennsylvania,2012,12767118.0,7.0,40.0,32.0,217.0,2.0,0.0,70.0,368.0,0.16996788155322132
228,Rhode Island,2012,1054621.0,2.0,6.0,0.0,41.0,0.0,0.0,6.0,55.0,0.38876525310988497
229,South Carolina,2012,4717354.0,33.0,7.0,84.0,210.0,2.0,0.0,34.0,370.0,0.4451648106120507
230,South Dakota,2012,833566.0,2.0,0.0,100.0,9.0,0.0,0.0,17.0,128.0,0.10796985481653522
231,Tennessee,2012,6453898.0,44.0,8.0,43.0,738.0,0.0,0.0,75.0,908.0,1.1434949855110819
232,Texas,2012,26084481.0,17.0,52.0,80.0,1310.0,1.0,9.0,471.0,1940.0,0.5022143242949706
233,Utah,2012,2853375.0,3.0,88.0,4.0,67.0,0.0,3.0,26.0,191.0,0.23480965523283834
234,Vermont,2012,626090.0,14.0,16.0,18.0,300.0,2.0,0.0,58.0,408.0,4.791643373955821
235,Virginia,2012,8185080.0,1.0,3.0,1.0,28.0,0.0,0.0,4.0,37.0,0.03420858439990812
236,Washington,2012,6897058.0,37.0,23.0,20.0,1068.0,1.0,0.0,72.0,1221.0,1.5484863256188364
237,West Virginia,2012,1856872.0,4.0,31.0,126.0,185.0,0.0,1.0,51.0,398.0,0.9962991525533262
238,Wisconsin,2012,5719960.0,2.0,0.0,4.0,37.0,0.0,0.0,9.0,52.0,0.0646857670333359
239,Wyoming,2012,576305.0,12.0,11.0,9.0,0.0,0.0,0.0,21.0,53.0,0.0
240,Alabama,2013,4830081.0,2.0,1.0,0.0,0.0,0.0,0.0,7.0,10.0,0.0
241,Arizona,2013,6632764.0,5.0,8.0,30.0,38.0,0.0,0.0,39.0,120.0,0.057291349428383105
242,Arkansas,2013,2959400.0,79.0,32.0,31.0,710.0,1.0,6.0,62.0,921.0,2.3991349597891465
243,California,2013,38260787.0,84.0,258.0,88.0,5176.0,21.0,43.0,233.0,5903.0,1.3528211011446263
244,Colorado,2013,5269035.0,19.0,36.0,85.0,256.0,1.0,0.0,52.0,449.0,0.48585746725918505
245,Connecticut,2013,3594841.0,2.0,16.0,1.0,217.0,2.0,1.0,15.0,254.0,0.6036428314910173
246,Delaware,2013,923576.0,1.0,1.0,1.0,20.0,0.0,0.0,4.0,27.0,0.21654958552409329
247,Florida,2013,19545621.0,17.0,33.0,54.0,996.0,0.0,0.0,65.0,1165.0,0.5095770556484237
248,Georgia,2013,9972479.0,25.0,25.0,61.0,370.0,0.0,1.0,57.0,539.0,0.37102108713390125
249,Idaho,2013,1611206.0,7.0,4.0,186.0,87.0,0.0,0.0,21.0,305.0,0.5399681977351127
250,Illinois,2013,12895129.0,6.0,8.0,9.0,13.0,0.0,5.0,25.0,66.0,0.010081326057304274
251,Indiana,2013,6568713.0,11.0,40.0,218.0,527.0,1.0,0.0,102.0,899.0,0.8022880585588075
252,Iowa,2013,3092997.0,7.0,20.0,169.0,183.0,0.0,1.0,174.0,554.0,0.5916591577683393
253,Kansas,2013,2893212.0,7.0,6.0,28.0,109.0,0.0,0.0,36.0,186.0,0.37674390953722026
254,Kentucky,2013,4404659.0,4.0,4.0,55.0,45.0,0.0,0.0,47.0,155.0,0.1021645489469219
255,Louisiana,2013,4624527.0,2.0,20.0,4.0,53.0,0.0,1.0,34.0,114.0,0.11460631541344661
256,Maine,2013,1328009.0,12.0,23.0,8.0,546.0,1.0,0.0,17.0,607.0,4.111417919607472
257,Maryland,2013,5923188.0,9.0,9.0,25.0,553.0,0.0,0.0,17.0,613.0,0.9336188552515976
258,Massachusetts,2013,6713315.0,3.0,1.0,1.0,24.0,0.0,0.0,12.0,41.0,0.03574984936652012
259,Michigan,2013,9913065.0,19.0,19.0,163.0,721.0,4.0,0.0,73.0,999.0,0.727322982347034
260,Minnesota,2013,5413479.0,11.0,11.0,336.0,235.0,0.0,0.0,33.0,626.0,0.4341016193098745
261,Mississippi,2013,2988711.0,4.0,12.0,106.0,146.0,1.0,0.0,64.0,333.0,0.4885049106454254
262,Missouri,2013,6040715.0,4.0,5.0,1.0,37.0,0.0,0.0,125.0,172.0,0.06125102740321303
263,Montana,2013,1013569.0,6.0,2.0,4.0,2.0,0.0,0.0,45.0,59.0,0.01973225305825257
264,Nebraska,2013,1865279.0,135.0,36.0,22.0,524.0,0.0,0.0,97.0,814.0,2.809231219565545
265,Nevada,2013,2775970.0,3.0,1.0,58.0,4.0,0.0,0.0,18.0,84.0,0.014409377622957022
266,New Hampshire,2013,1326622.0,3.0,9.0,75.0,28.0,0.0,0.0,22.0,137.0,0.21106238250232542
267,New Jersey,2013,8856972.0,5.0,3.0,0.0,40.0,0.0,0.0,10.0,58.0,0.045162161515244714
268,New Mexico,2013,2092273.0,5.0,29.0,5.0,219.0,0.0,0.0,10.0,268.0,1.046708531821612
269,New York,2013,19624447.0,8.0,11.0,13.0,33.0,0.0,0.0,45.0,110.0,0.016815760464485956
270,North Carolina,2013,9843336.0,6.0,7.0,20.0,107.0,1.0,2.0,39.0,182.0,0.10870298443535809
271,North Dakota,2013,722036.0,38.0,111.0,81.0,693.0,9.0,0.0,63.0,995.0,9.597859386512585
272,Ohio,2013,11576684.0,19.0,25.0,97.0,175.0,1.0,2.0,66.0,385.0,0.1511659124495408
273,Oklahoma,2013,3853214.0,5.0,94.0,27.0,32.0,0.0,0.0,149.0,307.0,0.08304755458689811
274,Oregon,2013,3922468.0,24.0,14.0,8.0,915.0,0.0,0.0,34.0,995.0,2.332715015138428
275,Pennsylvania,2013,12776309.0,7.0,51.0,33.0,263.0,2.0,0.0,73.0,429.0,0.20584974893766264
276,Rhode Island,2013,1055081.0,7.0,6.0,1.0,143.0,0.0,0.0,6.0,163.0,1.3553461772129343
277,South Carolina,2013,4764080.0,60.0,10.0,82.0,218.0,2.0,1.0,44.0,417.0,0.45759097244378766
278,South Dakota,2013,842316.0,2.0,0.0,87.0,13.0,0.0,0.0,17.0,119.0,0.15433637732157526
279,Tennessee,2013,6494340.0,44.0,9.0,52.0,866.0,0.0,0.0,102.0,1073.0,1.3334688359402187
280,Texas,2013,26480266.0,20.0,62.0,81.0,1599.0,1.0,10.0,458.0,2231.0,0.6038458979226266
281,Utah,2013,2897640.0,3.0,88.0,3.0,72.0,0.0,7.0,27.0,200.0,0.24847807181016274
282,Vermont,2013,626210.0,12.0,20.0,19.0,370.0,1.0,0.0,58.0,480.0,5.908561025853946
283,Virginia,2013,8252427.0,2.0,3.0,1.0,51.0,0.0,0.0,3.0,60.0,0.06180000138141179
284,Washington,2013,6963985.0,33.0,24.0,24.0,1325.0,1.0,1.0,68.0,1476.0,1.9026462578538006
285,West Virginia,2013,1853914.0,4.0,45.0,115.0,211.0,0.0,1.0,54.0,430.0,1.1381326210385163
286,Wisconsin,2013,5736754.0,2.0,3.0,4.0,42.0,0.0,0.0,12.0,63.0,0.07321213355148225
287,Wyoming,2013,582122.0,13.0,11.0,9.0,2.0,0.0,0.0,17.0,52.0,0.034357059173163014
288,Alabama,2014,4841799.0,6.0,25.0,32.0,94.0,0.0,1.0,101.0,259.0,0.19414271430928876
289,Arizona,2014,6730413.0,78.0,36.0,30.0,781.0,1.0,7.0,66.0,999.0,1.1604042723678325
290,Arkansas,2014,2967392.0,4.0,13.0,43.0,57.0,0.0,1.0,37.0,155.0,0.19208786705632422
291,California,2014,38596972.0,85.0,284.0,94.0,6990.0,22.0,46.0,237.0,7758.0,1.8110228957857109
292,Colorado,2014,5350101.0,17.0,42.0,86.0,453.0,1.0,0.0,48.0,647.0,0.8467129872875298
293,Connecticut,2014,3594524.0,3.0,15.0,3.0,359.0,1.0,1.0,17.0,399.0,0.9987414188916252
294,Delaware,2014,932487.0,1.0,1.0,1.0,26.0,1.0,0.0,7.0,37.0,0.2788242624293958
295,Florida,2014,19845911.0,17.0,42.0,62.0,1262.0,0.0,1.0,62.0,1446.0,0.6358992540075383
296,Georgia,2014,10067278.0,24.0,30.0,52.0,670.0,0.0,2.0,58.0,836.0,0.6655224977397068
297,Idaho,2014,1631112.0,4.0,10.0,8.0,23.0,0.0,8.0,25.0,78.0,0.1410080975432711
298,Illinois,2014,12884493.0,12.0,49.0,234.0,799.0,1.0,1.0,104.0,1200.0,0.6201252932498004
299,Indiana,2014,6593644.0,6.0,28.0,188.0,231.0,0.0,2.0,174.0,629.0,0.3503373855185387
300,Iowa,2014,3109350.0,9.0,6.0,210.0,109.0,0.0,0.0,19.0,353.0,0.3505555823564411
301,Kansas,2014,2900475.0,7.0,12.0,25.0,184.0,0.0,0.0,35.0,263.0,0.6343788517398012
302,Kentucky,2014,4414349.0,4.0,5.0,62.0,106.0,0.0,1.0,47.0,225.0,0.24012600725497688
303,Louisiana,2014,4644013.0,2.0,24.0,8.0,68.0,0.0,1.0,33.0,136.0,0.14642508537336135
304,Maine,2014,1330513.0,3.0,2.0,0.0,41.0,0.0,0.0,15.0,61.0,0.3081518181333065
305,Maryland,2014,5957283.0,8.0,11.0,34.0,650.0,0.0,0.0,20.0,723.0,1.0911014299639619
306,Massachusetts,2014,6762596.0,12.0,24.0,9.0,721.0,1.0,0.0,21.0,788.0,1.0661586171937523
307,Michigan,2014,9929848.0,16.0,23.0,220.0,706.0,4.0,0.0,81.0,1050.0,0.7109877210607857
308,Minnesota,2014,5451079.0,10.0,17.0,278.0,446.0,0.0,0.0,29.0,780.0,0.8181866379115035
309,Mississippi,2014,2990468.0,4.0,8.0,3.0,35.0,0.0,0.0,111.0,161.0,0.11703853711191692
310,Missouri,2014,6056202.0,5.0,18.0,101.0,194.0,1.0,0.0,62.0,381.0,0.3203327762184947
311,Montana,2014,1021869.0,6.0,2.0,2.0,10.0,0.0,0.0,50.0,70.0,0.09785990180737453
312,Nebraska,2014,1879321.0,5.0,11.0,80.0,40.0,0.0,0.0,24.0,160.0,0.21284282993698256
313,Nevada,2014,2817628.0,5.0,9.0,21.0,258.0,1.0,4.0,32.0,330.0,0.9156638136759003
314,New Hampshire,2014,1333341.0,4.0,3.0,1.0,65.0,0.0,0.0,15.0,88.0,0.48749719689111787
315,New Jersey,2014,8864525.0,5.0,25.0,5.0,262.0,0.0,0.0,9.0,306.0,0.29556011179392017
316,New Mexico,2014,2089568.0,8.0,14.0,14.0,59.0,0.0,1.0,44.0,140.0,0.28235501309361555
317,New York,2014,19651049.0,37.0,114.0,83.0,1038.0,7.0,0.0,57.0,1336.0,0.5282160764038601
318,North Carolina,2014,9932887.0,133.0,39.0,23.0,682.0,0.0,0.0,90.0,967.0,0.6866080324884397
319,North Dakota,2014,737401.0,3.0,1.0,77.0,4.0,0.0,0.0,19.0,104.0,0.05424456977953651
320,Ohio,2014,11602700.0,17.0,45.0,128.0,239.0,2.0,2.0,68.0,501.0,0.2059865376162445
321,Oklahoma,2014,3878187.0,6.0,100.0,25.0,46.0,0.0,1.0,143.0,321.0,0.11861212468609689
322,Oregon,2014,3963244.0,25.0,15.0,7.0,989.0,0.0,1.0,34.0,1071.0,2.4954305109652597
323,Pennsylvania,2014,12788313.0,6.0,46.0,33.0,381.0,2.0,0.0,74.0,542.0,0.29792827247816034
324,Rhode Island,2014,1055936.0,6.0,6.0,0.0,149.0,0.0,0.0,5.0,166.0,1.411070367901085
325,South Carolina,2014,4823617.0,41.0,9.0,71.0,247.0,2.0,1.0,45.0,416.0,0.5120638724011463
326,South Dakota,2014,849129.0,2.0,0.0,82.0,32.0,0.0,0.0,18.0,134.0,0.3768567555695307
327,Tennessee,2014,6541223.0,37.0,18.0,66.0,924.0,0.0,2.0,91.0,1138.0,1.4125798799398828
328,Texas,2014,26964333.0,17.0,97.0,136.0,1839.0,1.0,10.0,441.0,2541.0,0.6820120490278769
329,Utah,2014,2936879.0,3.0,89.0,3.0,144.0,0.0,7.0,24.0,270.0,0.4903164209352854
330,Vermont,2014,625214.0,1.0,3.0,1.0,122.0,0.0,0.0,2.0,129.0,1.9513318639697768
331,Virginia,2014,8310993.0,11.0,23.0,17.0,593.0,1.0,0.0,74.0,719.0,0.7135128136914566
332,Washington,2014,7054655.0,31.0,23.0,21.0,1486.0,0.0,1.0,70.0,1632.0,2.106410589887103
333,West Virginia,2014,1849489.0,2.0,3.0,9.0,101.0,0.0,0.0,12.0,127.0,0.5460967867340655
334,Wisconsin,2014,5751525.0,6.0,60.0,136.0,304.0,0.0,1.0,54.0,561.0,0.5285554700709811
335,Wyoming,2014,582531.0,13.0,11.0,10.0,17.0,0.0,0.0,18.0,69.0,0.2918299626972642
336,Alabama,2015,4852347.0,5.0,29.0,31.0,203.0,1.0,2.0,104.0,375.0,0.41835425207636634
337,Arizona,2015,6829676.0,76.0,38.0,30.0,814.0,0.0,8.0,93.0,1059.0,1.1918574175407444
338,Arkansas,2015,2978048.0,4.0,16.0,47.0,65.0,0.0,0.0,50.0,182.0,0.21826377546634573
339,California,2015,38918045.0,62.0,307.0,107.0,10331.0,18.0,47.0,370.0,11242.0,2.654552663166919
340,Colorado,2015,5450623.0,16.0,42.0,89.0,713.0,2.0,1.0,58.0,921.0,1.3081073484627352
341,Connecticut,2015,3587122.0,3.0,17.0,4.0,495.0,1.0,1.0,21.0,542.0,1.379936338936897
342,Delaware,2015,941252.0,1.0,1.0,1.0,55.0,1.0,0.0,8.0,67.0,0.5843281076693595
343,Florida,2015,20209042.0,17.0,51.0,74.0,1710.0,0.0,1.0,153.0,2006.0,0.8461558939805262
344,Georgia,2015,10178447.0,23.0,37.0,58.0,1164.0,0.0,3.0,87.0,1372.0,1.1435929272903813
345,Idaho,2015,1651059.0,3.0,10.0,7.0,70.0,0.0,8.0,33.0,131.0,0.4239703123873829
346,Illinois,2015,12858913.0,11.0,50.0,247.0,920.0,1.0,1.0,127.0,1357.0,0.7154570530184006
347,Indiana,2015,6608422.0,7.0,32.0,194.0,296.0,0.0,1.0,190.0,720.0,0.44791328398821983
348,Iowa,2015,3120960.0,10.0,10.0,214.0,156.0,0.0,0.0,33.0,423.0,0.49984620116887113
349,Kansas,2015,2909011.0,5.0,16.0,26.0,551.0,0.0,1.0,41.0,640.0,1.8941145289584673
350,Kentucky,2015,4425976.0,4.0,8.0,68.0,93.0,0.0,1.0,50.0,224.0,0.21012314571972374
351,Louisiana,2015,4664628.0,2.0,24.0,9.0,82.0,0.0,2.0,43.0,162.0,0.17579108130380386
352,Maine,2015,1328262.0,3.0,2.0,0.0,87.0,0.0,0.0,16.0,108.0,0.6549912592545748
353,Maryland,2015,5985562.0,9.0,12.0,34.0,853.0,0.0,0.0,32.0,940.0,1.4250959224881474
354,Massachusetts,2015,6794228.0,11.0,22.0,6.0,959.0,1.0,1.0,36.0,1036.0,1.4114922254596105
355,Michigan,2015,9931715.0,11.0,26.0,241.0,786.0,2.0,0.0,112.0,1178.0,0.7914041029167671
356,Minnesota,2015,5482032.0,6.0,22.0,289.0,509.0,0.0,0.0,48.0,874.0,0.9284878307897508
357,Mississippi,2015,2988471.0,4.0,8.0,3.0,36.0,0.0,1.0,114.0,166.0,0.1204629390748647
358,Missouri,2015,6071732.0,4.0,22.0,99.0,526.0,0.0,0.0,69.0,720.0,0.8663096460779232
359,Montana,2015,1030475.0,7.0,2.0,2.0,45.0,0.0,0.0,57.0,113.0,0.4366918168805648
360,Nebraska,2015,1891277.0,3.0,11.0,82.0,57.0,0.0,0.0,27.0,180.0,0.30138366828338736
361,Nevada,2015,2866939.0,4.0,8.0,20.0,308.0,0.0,2.0,34.0,376.0,1.0743165445794278
362,New Hampshire,2015,1336350.0,4.0,3.0,0.0,131.0,0.0,0.0,18.0,156.0,0.9802821117222286
363,New Jersey,2015,8867949.0,5.0,27.0,5.0,408.0,0.0,0.0,20.0,465.0,0.4600838367473697
364,New Mexico,2015,2089291.0,6.0,15.0,10.0,97.0,0.0,1.0,58.0,187.0,0.4642723297041915
365,New York,2015,19654666.0,36.0,87.0,85.0,1281.0,1.0,0.0,80.0,1570.0,0.6517536344804842
366,North Carolina,2015,10031646.0,130.0,43.0,26.0,798.0,0.0,1.0,115.0,1113.0,0.7954826157143106
367,North Dakota,2015,754066.0,3.0,1.0,53.0,5.0,0.0,0.0,24.0,86.0,0.06630719326955466
368,Ohio,2015,11617527.0,12.0,54.0,136.0,364.0,1.0,3.0,104.0,674.0,0.31331969359744116
369,Oklahoma,2015,3909500.0,5.0,110.0,31.0,79.0,0.0,1.0,136.0,362.0,0.20207187619900244
370,Oregon,2015,4015792.0,25.0,15.0,8.0,1103.0,0.0,3.0,51.0,1205.0,2.7466562013171996
371,Pennsylvania,2015,12784826.0,6.0,60.0,37.0,487.0,1.0,1.0,107.0,699.0,0.380920319134574
372,Rhode Island,2015,1056065.0,6.0,5.0,0.0,178.0,0.0,0.0,8.0,197.0,1.685502312831123
373,South Carolina,2015,4891938.0,27.0,11.0,68.0,328.0,2.0,1.0,56.0,493.0,0.6704909179143317
374,South Dakota,2015,853988.0,2.0,0.0,80.0,24.0,0.0,0.0,23.0,129.0,0.28103439392591
375,Tennessee,2015,6591170.0,35.0,21.0,69.0,863.0,0.0,0.0,98.0,1086.0,1.3093274790363472
376,Texas,2015,27470056.0,21.0,116.0,197.0,2024.0,1.0,16.0,489.0,2864.0,0.7368022839123444
377,Utah,2015,2981835.0,1.0,92.0,3.0,269.0,0.0,6.0,46.0,417.0,0.9021290581135443
378,Vermont,2015,625216.0,2.0,3.0,1.0,275.0,0.0,0.0,4.0,285.0,4.398479885351622
379,Virginia,2015,8361808.0,9.0,21.0,18.0,759.0,0.0,1.0,84.0,892.0,0.9076984307699962
380,Washington,2015,7163657.0,30.0,24.0,21.0,1588.0,0.0,1.0,92.0,1756.0,2.216744883234918
381,West Virginia,2015,1842050.0,2.0,3.0,9.0,68.0,0.0,0.0,16.0,98.0,0.36915393176080996
382,Wisconsin,2015,5760940.0,6.0,57.0,156.0,376.0,0.0,1.0,74.0,670.0,0.6526712654532072
383,Wyoming,2015,585613.0,14.0,12.0,11.0,32.0,0.0,0.0,29.0,98.0,0.5464359568520507
384,Alabama,2016,4863525.0,5.0,32.0,32.0,227.0,0.0,2.0,92.0,390.0,0.46673965899219183
385,Arizona,2016,6941072.0,76.0,36.0,25.0,1016.0,0.0,8.0,93.0,1254.0,1.4637508442499947
386,Arkansas,2016,2989918.0,5.0,17.0,44.0,91.0,0.0,1.0,45.0,203.0,0.3043561729786569
387,California,2016,39167117.0,42.0,319.0,119.0,14084.0,39.0,44.0,322.0,14969.0,3.5958735487220057
388,Colorado,2016,5539215.0,16.0,46.0,88.0,990.0,1.0,1.0,59.0,1201.0,1.7872568585981947
389,Connecticut,2016,3578141.0,3.0,19.0,4.0,723.0,2.0,1.0,22.0,774.0,2.020602318354699
390,Delaware,2016,948921.0,1.0,1.0,1.0,67.0,1.0,0.0,9.0,80.0,0.7060650992021464
391,Florida,2016,20613477.0,14.0,57.0,74.0,2128.0,0.0,3.0,153.0,2429.0,1.032334331563763
392,Georgia,2016,10301890.0,24.0,48.0,56.0,1508.0,0.0,4.0,96.0,1736.0,1.4638090680447955
393,Idaho,2016,1682380.0,2.0,11.0,6.0,134.0,0.0,6.0,34.0,193.0,0.7964906858141443
394,Illinois,2016,12820527.0,12.0,56.0,263.0,1136.0,1.0,2.0,123.0,1593.0,0.8860790199966039
395,Indiana,2016,6634304.0,6.0,35.0,200.0,389.0,0.0,2.0,189.0,821.0,0.586346359768862
396,Iowa,2016,3131371.0,9.0,10.0,210.0,216.0,0.0,0.0,35.0,480.0,0.6897937037802292
397,Kansas,2016,2910844.0,5.0,20.0,21.0,725.0,0.0,1.0,41.0,813.0,2.4906865500177955
398,Kentucky,2016,4438182.0,4.0,11.0,72.0,168.0,0.0,1.0,38.0,294.0,0.3785333724484485
399,Louisiana,2016,4678135.0,2.0,22.0,11.0,155.0,0.0,2.0,50.0,242.0,0.3313286170664164
400,Maine,2016,1331317.0,3.0,2.0,0.0,184.0,0.0,0.0,15.0,204.0,1.3820900657018578
401,Maryland,2016,6003323.0,11.0,16.0,34.0,1133.0,0.0,1.0,32.0,1227.0,1.8872880902793334
402,Massachusetts,2016,6823608.0,12.0,18.0,7.0,1256.0,2.0,1.0,35.0,1331.0,1.8406684557495094
403,Michigan,2016,9950571.0,10.0,27.0,254.0,1134.0,2.0,0.0,108.0,1535.0,1.1396330924124858
404,Minnesota,2016,5522744.0,7.0,25.0,314.0,686.0,0.0,0.0,51.0,1083.0,1.2421361555053068
405,Mississippi,2016,2987938.0,4.0,5.0,3.0,64.0,0.0,2.0,97.0,175.0,0.21419453817314818
406,Missouri,2016,6087135.0,3.0,22.0,92.0,1163.0,0.0,1.0,68.0,1349.0,1.9105868360074159
407,Montana,2016,1040859.0,7.0,1.0,2.0,76.0,0.0,0.0,55.0,141.0,0.7301661416195662
408,Nebraska,2016,1905616.0,1.0,11.0,80.0,116.0,0.0,1.0,28.0,237.0,0.6087270467922183
409,Nevada,2016,2917563.0,4.0,6.0,20.0,491.0,0.0,2.0,34.0,557.0,1.6829113887172273
410,New Hampshire,2016,1342307.0,4.0,3.0,0.0,184.0,0.0,0.0,21.0,212.0,1.3707743459581152
411,New Jersey,2016,8870827.0,5.0,28.0,5.0,506.0,0.0,0.0,21.0,565.0,0.5704090497988519
412,New Mexico,2016,2091630.0,5.0,14.0,10.0,135.0,0.0,1.0,55.0,220.0,0.6454296409976907
413,New York,2016,19633428.0,35.0,114.0,79.0,1630.0,1.0,0.0,77.0,1936.0,0.8302167099907363
414,North Carolina,2016,10154788.0,122.0,40.0,58.0,1039.0,0.0,1.0,106.0,1366.0,1.0231626696687317
415,North Dakota,2016,754434.0,3.0,0.0,43.0,9.0,0.0,0.0,25.0,80.0,0.1192947295588481
416,Ohio,2016,11634370.0,14.0,59.0,151.0,522.0,1.0,6.0,103.0,856.0,0.4486706198960494
417,Oklahoma,2016,3926331.0,5.0,125.0,29.0,103.0,0.0,1.0,144.0,407.0,0.2623314234077565
418,Oregon,2016,4089976.0,54.0,17.0,10.0,1271.0,0.0,3.0,61.0,1416.0,3.1075976973948016
419,Pennsylvania,2016,12782275.0,7.0,68.0,41.0,674.0,1.0,3.0,103.0,897.0,0.5272926767731096
420,Rhode Island,2016,1056770.0,6.0,5.0,0.0,204.0,0.0,0.0,7.0,222.0,1.9304105907624174
421,South Carolina,2016,4957968.0,25.0,12.0,67.0,376.0,1.0,1.0,53.0,535.0,0.7583752053260528
422,South Dakota,2016,862996.0,2.0,1.0,75.0,40.0,0.0,0.0,27.0,145.0,0.4635015689528109
423,Tennessee,2016,6646010.0,32.0,19.0,79.0,993.0,0.0,5.0,88.0,1216.0,1.4941295604430327
424,Texas,2016,27914410.0,17.0,132.0,193.0,2440.0,1.0,20.0,487.0,3290.0,0.8741005093784895
425,Utah,2016,3041868.0,1.0,90.0,1.0,298.0,0.0,8.0,48.0,446.0,0.9796611818790296
426,Vermont,2016,623657.0,3.0,3.0,1.0,389.0,0.0,0.0,2.0,398.0,6.237402931419034
427,Virginia,2016,8410106.0,11.0,21.0,22.0,995.0,0.0,2.0,88.0,1139.0,1.1831004270338568
428,Washington,2016,7294771.0,40.0,27.0,21.0,1833.0,0.0,2.0,90.0,2013.0,2.512758796677785
429,West Virginia,2016,1831023.0,2.0,4.0,11.0,96.0,0.0,0.0,13.0,126.0,0.5242970732754312
430,Wisconsin,2016,5772628.0,5.0,57.0,151.0,451.0,0.0,1.0,69.0,734.0,0.7812732779593627
431,Wyoming,2016,584215.0,14.0,13.0,10.0,63.0,0.0,0.0,29.0,129.0,1.0783701205891667
432,Alabama,2017,4874486.0,5.0,33.0,39.0,320.0,0.0,3.0,89.0,489.0,0.6564794729126312
433,Arizona,2017,7044008.0,76.0,30.0,21.0,1066.0,0.0,8.0,89.0,1290.0,1.5133429717853812
434,Arkansas,2017,3001345.0,4.0,16.0,43.0,113.0,0.0,1.0,40.0,217.0,0.37649787012156216
435,California,2017,39358497.0,36.0,324.0,147.0,16538.0,42.0,44.0,295.0,17426.0,4.201888095472751
436,Colorado,2017,5611885.0,16.0,42.0,91.0,1383.0,1.0,1.0,56.0,1590.0,2.464412581512273
437,Connecticut,2017,3573297.0,2.0,21.0,4.0,788.0,2.0,1.0,20.0,838.0,2.2052463033439427
438,Delaware,2017,956823.0,1.0,1.0,1.0,102.0,1.0,0.0,9.0,115.0,1.0660278860353483
439,Florida,2017,20963613.0,14.0,58.0,82.0,2505.0,0.0,3.0,140.0,2802.0,1.1949276109991154
440,Georgia,2017,10410330.0,23.0,48.0,53.0,1900.0,0.0,4.0,92.0,2120.0,1.8251102510679298
441,Idaho,2017,1717715.0,2.0,11.0,5.0,170.0,0.0,2.0,31.0,221.0,0.989686880536061
442,Illinois,2017,12778828.0,14.0,47.0,270.0,1236.0,1.0,2.0,121.0,1691.0,0.9672248503540387
443,Indiana,2017,6658078.0,6.0,34.0,204.0,403.0,0.0,1.0,185.0,833.0,0.6052797819430772
444,Iowa,2017,3141550.0,9.0,9.0,247.0,258.0,0.0,0.0,33.0,556.0,0.821250656523054
445,Kansas,2017,2908718.0,3.0,23.0,20.0,742.0,0.0,1.0,38.0,827.0,2.5509520001595205
446,Kentucky,2017,4452268.0,5.0,12.0,73.0,193.0,0.0,2.0,36.0,321.0,0.4334869329519247
447,Louisiana,2017,4670560.0,7.0,25.0,12.0,195.0,0.0,1.0,75.0,315.0,0.41750882121201743
448,Maine,2017,1334612.0,3.0,2.0,0.0,221.0,0.0,0.0,14.0,240.0,1.6559119804107862
449,Maryland,2017,6023868.0,13.0,17.0,36.0,1341.0,0.0,1.0,34.0,1442.0,2.2261443975864013
450,Massachusetts,2017,6859789.0,11.0,16.0,7.0,1503.0,2.0,1.0,34.0,1574.0,2.1910294908487713
451,Michigan,2017,9973114.0,9.0,23.0,254.0,1210.0,2.0,0.0,103.0,1601.0,1.2132619761490744
452,Minnesota,2017,5566230.0,7.0,25.0,372.0,760.0,0.0,0.0,48.0,1212.0,1.3653765654671113
453,Mississippi,2017,2988510.0,4.0,7.0,5.0,116.0,0.0,2.0,91.0,225.0,0.38815329378185115
454,Missouri,2017,6106670.0,3.0,22.0,94.0,1570.0,0.0,1.0,69.0,1759.0,2.5709592953278952
455,Montana,2017,1052482.0,7.0,1.0,2.0,84.0,0.0,0.0,48.0,142.0,0.7981134119158333
456,Nebraska,2017,1915947.0,2.0,11.0,95.0,159.0,0.0,1.0,27.0,295.0,0.8298768180956989
457,Nevada,2017,2969905.0,4.0,6.0,19.0,614.0,0.0,1.0,31.0,675.0,2.0674061964945007
458,New Hampshire,2017,1348787.0,4.0,4.0,0.0,195.0,0.0,0.0,29.0,232.0,1.445743471726818
459,New Jersey,2017,8885525.0,5.0,26.0,4.0,575.0,0.0,0.0,19.0,629.0,0.6471198944350502
460,New Mexico,2017,2091784.0,5.0,14.0,11.0,167.0,0.0,1.0,59.0,257.0,0.7983615899155936
461,New York,2017,19589572.0,34.0,84.0,72.0,1966.0,1.0,0.0,71.0,2228.0,1.003595178087607
462,North Carolina,2017,10268233.0,115.0,43.0,79.0,1374.0,0.0,1.0,92.0,1704.0,1.338107540021735
463,North Dakota,2017,754942.0,2.0,1.0,41.0,15.0,0.0,0.0,24.0,83.0,0.19869076034980168
464,Ohio,2017,11659650.0,14.0,59.0,164.0,775.0,3.0,6.0,92.0,1113.0,0.6646854751214659
465,Oklahoma,2017,3931316.0,5.0,120.0,32.0,137.0,0.0,2.0,135.0,431.0,0.34848381559762687
466,Oregon,2017,4143625.0,70.0,16.0,10.0,1363.0,0.0,2.0,57.0,1518.0,3.2893903285166974
467,Pennsylvania,2017,12787641.0,7.0,77.0,75.0,778.0,0.0,3.0,104.0,1044.0,0.6083999386595228
468,Rhode Island,2017,1055673.0,6.0,4.0,0.0,216.0,0.0,0.0,6.0,232.0,2.0460881352464257
469,South Carolina,2017,5021268.0,24.0,13.0,64.0,489.0,2.0,1.0,49.0,642.0,0.9738575993155514
470,South Dakota,2017,872868.0,2.0,1.0,77.0,47.0,0.0,0.0,25.0,152.0,0.5384548408235839
471,Tennessee,2017,6708799.0,27.0,22.0,81.0,1057.0,0.0,6.0,78.0,1271.0,1.5755428057987726
472,Texas,2017,28295273.0,18.0,127.0,215.0,2719.0,1.0,23.0,470.0,3573.0,0.9609378923468948
473,Utah,2017,3101042.0,1.0,79.0,1.0,388.0,0.0,6.0,46.0,521.0,1.2511923411550054
474,Vermont,2017,624344.0,2.0,3.0,0.0,435.0,0.0,0.0,2.0,442.0,6.967312891611035
475,Virginia,2017,8463587.0,10.0,23.0,31.0,1103.0,0.0,2.0,92.0,1261.0,1.3032299425763567
476,Washington,2017,7423362.0,41.0,25.0,19.0,2145.0,0.0,2.0,88.0,2320.0,2.8895263359108716
477,West Virginia,2017,1817004.0,2.0,3.0,33.0,199.0,0.0,0.0,10.0,247.0,1.0952094766990057
478,Wisconsin,2017,5790186.0,5.0,56.0,157.0,497.0,0.0,1.0,74.0,790.0,0.8583489373225661
479,Wyoming,2017,578931.0,4.0,14.0,12.0,91.0,0.0,0.0,28.0,149.0,1.5718626226614225
480,Alabama,2018,4887681.0,9.0,29.0,40.0,395.0,0.0,3.0,82.0,558.0,0.808154214646987
481,Arizona,2018,7158024.0,77.0,28.0,22.0,1226.0,0.0,8.0,86.0,1447.0,1.7127631871589142
482,Arkansas,2018,3009733.0,3.0,14.0,43.0,124.0,0.0,1.0,39.0,224.0,0.41199667877516044
483,California,2018,39461588.0,29.0,320.0,161.0,21119.0,42.0,47.0,292.0,22010.0,5.351786653897456
484,Colorado,2018,5691287.0,13.0,41.0,81.0,1792.0,1.0,1.0,57.0,1986.0,3.148672699162773
485,Connecticut,2018,3571520.0,2.0,21.0,4.0,837.0,2.0,1.0,22.0,889.0,2.3435400053758624
486,Delaware,2018,965479.0,1.0,1.0,1.0,133.0,1.0,0.0,8.0,145.0,1.377554561000291
487,Florida,2018,21244317.0,14.0,56.0,88.0,3030.0,0.0,3.0,139.0,3330.0,1.4262637862163325
488,Georgia,2018,10511131.0,23.0,51.0,54.0,2184.0,0.0,4.0,90.0,2406.0,2.0777973369373854
489,Idaho,2018,1750536.0,0.0,11.0,6.0,174.0,0.0,0.0,32.0,223.0,0.9939812720218265
490,Illinois,2018,12723071.0,22.0,46.0,280.0,1399.0,0.0,2.0,104.0,1853.0,1.0995772954501315
491,Indiana,2018,6695497.0,5.0,33.0,211.0,486.0,0.0,1.0,65.0,801.0,0.725860977907988
492,Iowa,2018,3148618.0,10.0,10.0,267.0,296.0,0.0,0.0,33.0,616.0,0.9400949877057172
493,Kansas,2018,2911359.0,1.0,22.0,26.0,783.0,0.0,1.0,39.0,872.0,2.6894656413035976
494,Kentucky,2018,4461153.0,3.0,10.0,74.0,219.0,0.0,2.0,34.0,342.0,0.49090448141993787
495,Louisiana,2018,4659690.0,6.0,23.0,12.0,213.0,0.0,1.0,65.0,320.0,0.4571119537995017
496,Maine,2018,1339057.0,3.0,2.0,1.0,264.0,0.0,0.0,12.0,282.0,1.9715366858916388
497,Maryland,2018,6035802.0,12.0,15.0,35.0,1754.0,0.0,0.0,34.0,1850.0,2.905993271482398
498,Massachusetts,2018,6882635.0,12.0,15.0,7.0,1790.0,2.0,1.0,33.0,1860.0,2.6007481146392335
499,Michigan,2018,9984072.0,7.0,21.0,253.0,1382.0,2.0,0.0,109.0,1774.0,1.3842047613438686
500,Minnesota,2018,5606249.0,19.0,25.0,412.0,788.0,0.0,0.0,48.0,1292.0,1.4055743867245283
501,Mississippi,2018,2981020.0,4.0,6.0,5.0,119.0,0.0,3.0,86.0,223.0,0.3991922227962241
502,Missouri,2018,6121623.0,2.0,21.0,98.0,1673.0,0.0,1.0,77.0,1872.0,2.7329353669770255
503,Montana,2018,1060665.0,7.0,1.0,2.0,96.0,0.0,0.0,45.0,151.0,0.9050925598563165
504,Nebraska,2018,1925614.0,2.0,11.0,88.0,194.0,0.0,1.0,34.0,330.0,1.0074708638387548
505,Nevada,2018,3027341.0,2.0,5.0,14.0,659.0,0.0,1.0,31.0,712.0,2.1768277838538834
506,New Hampshire,2018,1353465.0,3.0,4.0,0.0,228.0,0.0,0.0,30.0,265.0,1.684565171615077
507,New Jersey,2018,8886025.0,5.0,27.0,6.0,747.0,0.0,0.0,16.0,801.0,0.840645845583374
508,New Mexico,2018,2092741.0,5.0,11.0,12.0,181.0,0.0,1.0,63.0,273.0,0.86489441359442
509,New York,2018,19530351.0,34.0,74.0,72.0,2560.0,1.0,0.0,66.0,2807.0,1.3107803336458212
510,North Carolina,2018,10381615.0,111.0,39.0,86.0,1490.0,0.0,1.0,91.0,1818.0,1.4352294898240785
511,North Dakota,2018,758080.0,3.0,1.0,44.0,28.0,0.0,0.0,24.0,100.0,0.36935415787252
512,Ohio,2018,11676341.0,14.0,61.0,165.0,949.0,2.0,5.0,95.0,1291.0,0.8127546120826722
513,Oklahoma,2018,3940235.0,4.0,122.0,52.0,167.0,0.0,1.0,135.0,481.0,0.42383258866539686
514,Oregon,2018,4181886.0,65.0,16.0,10.0,1544.0,0.0,2.0,61.0,1698.0,3.692114036585407
515,Pennsylvania,2018,12800922.0,6.0,80.0,123.0,986.0,0.0,3.0,99.0,1297.0,0.7702570174242136
516,Rhode Island,2018,1058287.0,5.0,4.0,0.0,248.0,0.0,0.0,6.0,263.0,2.34340967998284
517,South Carolina,2018,5084156.0,24.0,11.0,66.0,554.0,1.0,1.0,49.0,706.0,1.0896597193319797
518,South Dakota,2018,878698.0,1.0,0.0,77.0,77.0,0.0,0.0,26.0,181.0,0.8762965205337898
519,Tennessee,2018,6771631.0,21.0,23.0,78.0,1145.0,0.0,5.0,71.0,1343.0,1.6908777220731608
520,Texas,2018,28628666.0,16.0,119.0,220.0,3134.0,1.0,21.0,457.0,3968.0,1.0947069625947643
521,Utah,2018,3153550.0,1.0,70.0,2.0,543.0,0.0,2.0,44.0,662.0,1.7218690047723992
522,Vermont,2018,624358.0,3.0,3.0,0.0,535.0,0.0,0.0,1.0,542.0,8.568801873284238
523,Virginia,2018,8501286.0,9.0,22.0,47.0,1451.0,0.0,2.0,82.0,1613.0,1.7068005946394462
524,Washington,2018,7523869.0,39.0,23.0,20.0,2571.0,1.0,1.0,86.0,2741.0,3.4171248861456784
525,West Virginia,2018,1804291.0,2.0,3.0,33.0,212.0,0.0,0.0,10.0,260.0,1.1749767637260287
526,Wisconsin,2018,5807406.0,4.0,54.0,212.0,557.0,0.0,1.0,72.0,900.0,0.9591201303990112
527,Wyoming,2018,577601.0,4.0,13.0,12.0,121.0,0.0,0.0,29.0,179.0,2.094871719404918
528,Alabama,2019,4903185.0,10.0,27.0,34.0,506.0,0.0,2.0,72.0,651.0,1.031982272747204
529,Arizona,2019,7278717.0,78.0,30.0,22.0,1476.0,1.0,8.0,75.0,1690.0,2.0278299046384136
530,Arkansas,2019,3017804.0,3.0,16.0,47.0,290.0,0.0,1.0,37.0,394.0,0.9609636676205612
531,California,2019,39512223.0,29.0,321.0,195.0,27128.0,48.0,44.0,273.0,28038.0,6.865723550912334
532,Colorado,2019,5758736.0,8.0,35.0,84.0,2516.0,1.0,1.0,52.0,2697.0,4.369014311473907
533,Connecticut,2019,3565287.0,2.0,17.0,3.0,1048.0,2.0,0.0,21.0,1093.0,2.9394548040592525
534,Delaware,2019,973764.0,1.0,2.0,1.0,172.0,1.0,0.0,9.0,186.0,1.7663417419415792
535,Florida,2019,21477737.0,10.0,61.0,88.0,4562.0,0.0,3.0,134.0,4858.0,2.124059904448965
536,Georgia,2019,10617423.0,6.0,50.0,52.0,2939.0,0.0,4.0,89.0,3140.0,2.7680916546322023
537,Idaho,2019,1787065.0,0.0,11.0,4.0,216.0,0.0,0.0,30.0,261.0,1.2086857500986254
538,Illinois,2019,12671821.0,19.0,42.0,279.0,1864.0,0.0,2.0,100.0,2306.0,1.4709803744860348
539,Indiana,2019,6732219.0,3.0,34.0,221.0,614.0,0.0,1.0,65.0,938.0,0.9120321249204757
540,Iowa,2019,3155070.0,11.0,11.0,300.0,348.0,0.0,0.0,34.0,704.0,1.1029866215329611
541,Kansas,2019,2913314.0,1.0,21.0,38.0,904.0,0.0,1.0,37.0,1002.0,3.1029954203357417
542,Kentucky,2019,4467673.0,3.0,10.0,71.0,315.0,0.0,2.0,32.0,433.0,0.7050650304979796
543,Louisiana,2019,4648794.0,2.0,23.0,14.0,293.0,0.0,1.0,59.0,392.0,0.6302709907128602
544,Maine,2019,1344212.0,4.0,1.0,1.0,433.0,0.0,0.0,13.0,452.0,3.221218081671641
545,Maryland,2019,6045680.0,11.0,13.0,39.0,2110.0,0.0,0.0,31.0,2204.0,3.4900954069682815
546,Massachusetts,2019,6892503.0,10.0,15.0,6.0,2455.0,2.0,1.0,32.0,2521.0,3.5618410322055714
547,Michigan,2019,9986857.0,9.0,21.0,241.0,1429.0,2.0,0.0,100.0,1802.0,1.4308806063809665
548,Minnesota,2019,5639632.0,16.0,26.0,430.0,1051.0,0.0,0.0,47.0,1570.0,1.8635967736901982
549,Mississippi,2019,2976149.0,2.0,6.0,6.0,292.0,0.0,2.0,83.0,391.0,0.9811336730788681
550,Missouri,2019,6137428.0,2.0,20.0,111.0,1895.0,0.0,1.0,73.0,2102.0,3.0876125960255663
551,Montana,2019,1068778.0,3.0,1.0,1.0,137.0,0.0,0.0,41.0,183.0,1.2818377623790909
552,Nebraska,2019,1934408.0,3.0,8.0,97.0,238.0,0.0,1.0,28.0,375.0,1.230350577541036
553,Nevada,2019,3080156.0,2.0,6.0,12.0,927.0,0.0,1.0,28.0,976.0,3.009587826071147
554,New Hampshire,2019,1359711.0,2.0,4.0,0.0,244.0,0.0,0.0,27.0,277.0,1.7944989780916678
555,New Jersey,2019,8882190.0,4.0,27.0,6.0,1297.0,0.0,0.0,17.0,1351.0,1.4602254624141118
556,New Mexico,2019,2096829.0,3.0,11.0,14.0,245.0,0.0,1.0,62.0,336.0,1.1684309974728508
557,New York,2019,19453561.0,34.0,69.0,71.0,4531.0,1.0,0.0,59.0,4765.0,2.3291365524286274
558,North Carolina,2019,10488084.0,114.0,40.0,89.0,1903.0,0.0,2.0,75.0,2223.0,1.8144400826690559
559,North Dakota,2019,762062.0,2.0,1.0,41.0,46.0,0.0,0.0,24.0,114.0,0.6036254268025436
560,Ohio,2019,11689100.0,13.0,60.0,180.0,1342.0,1.0,5.0,90.0,1691.0,1.1480781240642992
561,Oklahoma,2019,3956971.0,3.0,118.0,56.0,309.0,0.0,1.0,130.0,617.0,0.7809003401844492
562,Oregon,2019,4217737.0,47.0,16.0,9.0,1893.0,0.0,2.0,57.0,2024.0,4.488188808358605
563,Pennsylvania,2019,12801989.0,5.0,88.0,125.0,1475.0,0.0,3.0,107.0,1803.0,1.1521647144049256
564,Rhode Island,2019,1059361.0,5.0,4.0,0.0,407.0,0.0,0.0,4.0,420.0,3.841938678127664
565,South Carolina,2019,5148714.0,34.0,12.0,53.0,643.0,1.0,1.0,59.0,803.0,1.2488555394609218
566,South Dakota,2019,884659.0,0.0,0.0,83.0,127.0,0.0,0.0,23.0,233.0,1.4355813935086852
567,Tennessee,2019,6829174.0,8.0,24.0,73.0,1207.0,0.0,4.0,65.0,1381.0,1.7674172601254559
568,Texas,2019,28995881.0,22.0,108.0,232.0,4009.0,0.0,16.0,460.0,4847.0,1.3826101714240033
569,Utah,2019,3205958.0,0.0,51.0,2.0,950.0,0.0,2.0,39.0,1044.0,2.9632328308730185
570,Vermont,2019,623989.0,2.0,3.0,0.0,664.0,0.0,0.0,1.0,670.0,10.64121322651521
571,Virginia,2019,8535519.0,10.0,24.0,58.0,2056.0,0.0,2.0,88.0,2238.0,2.4087580380290876
572,Washington,2019,7614893.0,37.0,24.0,20.0,3206.0,1.0,1.0,82.0,3371.0,4.210170779812665
573,West Virginia,2019,1792147.0,0.0,3.0,34.0,244.0,0.0,0.0,14.0,295.0,1.36149545768288
574,Wisconsin,2019,5822434.0,4.0,50.0,227.0,711.0,0.0,1.0,66.0,1059.0,1.2211387883486529
575,Wyoming,2019,578759.0,0.0,8.0,11.0,159.0,0.0,0.0,25.0,203.0,2.747257494051928
576,Alabama,2020,5031362.0,10.0,30.0,29.0,596.0,0.0,2.0,69.0,736.0,1.1845699037358075
577,Arizona,2020,7179943.0,75.0,30.0,20.0,1778.0,1.0,7.0,78.0,1989.0,2.4763427787657926
578,Arkansas,2020,3014195.0,3.0,15.0,50.0,350.0,0.0,1.0,36.0,455.0,1.1611723859936067
579,California,2020,39501653.0,27.0,322.0,198.0,34622.0,49.0,41.0,268.0,35527.0,8.764696505232324
580,Colorado,2020,5784865.0,7.0,34.0,88.0,3234.0,1.0,0.0,53.0,3417.0,5.590450252512375
581,Connecticut,2020,3597362.0,1.0,18.0,3.0,1240.0,2.0,0.0,19.0,1283.0,3.446970307686577
582,Delaware,2020,992114.0,1.0,2.0,1.0,206.0,1.0,0.0,9.0,220.0,2.076374287632268
583,Florida,2020,21589602.0,10.0,55.0,94.0,5519.0,0.0,3.0,113.0,5794.0,2.5563231781669713
584,Georgia,2020,10729828.0,6.0,51.0,66.0,3645.0,0.0,4.0,89.0,3861.0,3.397072161827757
585,Idaho,2020,1849202.0,0.0,11.0,5.0,281.0,0.0,0.0,27.0,324.0,1.5195743893852591
586,Illinois,2020,12786580.0,19.0,38.0,284.0,2351.0,0.0,2.0,91.0,2785.0,1.838646455893601
587,Indiana,2020,6788799.0,3.0,32.0,234.0,784.0,0.0,1.0,58.0,1112.0,1.1548434413804267
588,Iowa,2020,3190571.0,10.0,12.0,315.0,486.0,0.0,0.0,32.0,855.0,1.52323831690315
589,Kansas,2020,2937919.0,1.0,21.0,56.0,950.0,0.0,1.0,37.0,1066.0,3.233581320655879
590,Kentucky,2020,4507445.0,3.0,9.0,72.0,383.0,0.0,1.0,26.0,494.0,0.8497053208635934
591,Louisiana,2020,4651664.0,1.0,22.0,18.0,360.0,0.0,1.0,51.0,453.0,0.773916602746888
592,Maine,2020,1363557.0,2.0,2.0,0.0,518.0,0.0,0.0,9.0,531.0,3.798887761934411
593,Maryland,2020,6173205.0,11.0,12.0,43.0,2767.0,0.0,0.0,27.0,2860.0,4.482274604520666
594,Massachusetts,2020,6995729.0,10.0,13.0,7.0,3406.0,1.0,1.0,30.0,3468.0,4.8686848790168975
595,Michigan,2020,10069577.0,10.0,24.0,236.0,1598.0,2.0,0.0,91.0,1961.0,1.5869584194053037
596,Minnesota,2020,5709852.0,146.0,23.0,422.0,1218.0,0.0,0.0,43.0,1852.0,2.1331551150537704
597,Mississippi,2020,2958141.0,2.0,8.0,5.0,344.0,0.0,2.0,76.0,437.0,1.1628925058000954
598,Missouri,2020,6153998.0,2.0,20.0,115.0,2060.0,0.0,1.0,71.0,2269.0,3.347417402475594
599,Montana,2020,1087075.0,1.0,1.0,1.0,188.0,0.0,0.0,39.0,230.0,1.7294114941471381
600,Nebraska,2020,1962642.0,3.0,10.0,88.0,287.0,0.0,1.0,30.0,419.0,1.4623145739263708
601,Nevada,2020,3115648.0,2.0,8.0,12.0,1162.0,0.0,0.0,22.0,1206.0,3.729561234131712
602,New Hampshire,2020,1378587.0,2.0,4.0,0.0,291.0,0.0,0.0,22.0,319.0,2.1108569861749746
603,New Jersey,2020,9271689.0,4.0,28.0,6.0,1651.0,0.0,0.0,13.0,1702.0,1.7806895809382735
604,New Mexico,2020,2118390.0,3.0,11.0,14.0,374.0,0.0,1.0,54.0,457.0,1.7654917177667946
605,New York,2020,20108296.0,28.0,62.0,75.0,6092.0,1.0,0.0,43.0,6301.0,3.029595347114445
606,North Carolina,2020,10449445.0,112.0,38.0,96.0,2267.0,0.0,2.0,82.0,2597.0,2.1694932123189314
607,North Dakota,2020,779518.0,1.0,1.0,38.0,101.0,0.0,0.0,24.0,165.0,1.2956724540036277
608,Ohio,2020,11797517.0,12.0,54.0,193.0,1840.0,1.0,3.0,75.0,2178.0,1.5596502213135188
609,Oklahoma,2020,3964912.0,3.0,117.0,69.0,693.0,0.0,0.0,122.0,1004.0,1.747831982147397
610,Oregon,2020,4244795.0,37.0,15.0,4.0,2117.0,0.0,2.0,52.0,2227.0,4.987284427163149
611,Pennsylvania,2020,12994440.0,5.0,88.0,143.0,2048.0,0.0,3.0,91.0,2378.0,1.5760586835600456
612,Rhode Island,2020,1096345.0,4.0,3.0,0.0,550.0,0.0,0.0,5.0,562.0,5.016669022980905
613,South Carolina,2020,5131848.0,34.0,11.0,49.0,727.0,1.0,1.0,55.0,878.0,1.4166436730004475
614,South Dakota,2020,887799.0,0.0,0.0,80.0,133.0,0.0,0.0,23.0,236.0,1.4980868417288147
615,Tennessee,2020,6925619.0,9.0,21.0,89.0,1341.0,0.0,4.0,61.0,1525.0,1.9362890161875783
616,Texas,2020,29232474.0,26.0,112.0,241.0,4802.0,0.0,16.0,427.0,5624.0,1.6426936700602213
617,Utah,2020,3283785.0,0.0,48.0,2.0,1617.0,0.0,0.0,43.0,1710.0,4.9241957070880105
618,Vermont,2020,642893.0,2.0,3.0,0.0,797.0,0.0,0.0,1.0,803.0,12.397086295853276
619,Virginia,2020,8636471.0,10.0,23.0,61.0,2504.0,0.0,2.0,83.0,2683.0,2.8993323777732827
620,Washington,2020,7724031.0,36.0,25.0,16.0,3771.0,1.0,1.0,82.0,3932.0,4.882165801768533
621,West Virginia,2020,1791420.0,0.0,3.0,37.0,258.0,0.0,0.0,13.0,311.0,1.4401982784606626
622,Wisconsin,2020,5896271.0,4.0,48.0,256.0,829.0,0.0,1.0,64.0,1202.0,1.405973368591776
623,Wyoming,2020,577605.0,0.0,8.0,10.0,172.0,0.0,0.0,23.0,213.0,2.977813557708122
624,Alabama,2021,5049846.0,10.0,30.0,33.0,680.0,0.0,2.0,68.0,823.0,1.3465757173585096
625,Arizona,2021,7264877.0,75.0,29.0,19.0,2257.0,1.0,7.0,69.0,2457.0,3.1067284415138756
626,Arkansas,2021,3028122.0,17.0,15.0,70.0,453.0,0.0,0.0,35.0,590.0,1.495976714280336
627,California,2021,39142991.0,27.0,323.0,264.0,41225.0,52.0,41.0,261.0,42193.0,10.531898290552196
628,Colorado,2021,5811297.0,6.0,31.0,96.0,3978.0,1.0,1.0,50.0,4163.0,6.84528772148455
629,Connecticut,2021,3623355.0,1.0,17.0,3.0,1430.0,1.0,0.0,20.0,1472.0,3.9466185344797844
630,Delaware,2021,1004807.0,0.0,2.0,1.0,314.0,1.0,0.0,9.0,327.0,3.1249782296500723
631,Florida,2021,21828069.0,7.0,56.0,111.0,6723.0,0.0,3.0,139.0,7039.0,3.0799792688945593
632,Georgia,2021,10788029.0,4.0,46.0,67.0,3939.0,0.0,4.0,82.0,4142.0,3.6512693838698436
633,Idaho,2021,1904314.0,0.0,11.0,5.0,345.0,0.0,0.0,24.0,385.0,1.811676015615072
634,Illinois,2021,12686469.0,19.0,39.0,304.0,2756.0,0.0,2.0,91.0,3211.0,2.1723932798007075
635,Indiana,2021,6813532.0,7.0,31.0,247.0,948.0,0.0,1.0,48.0,1282.0,1.391348862821808
636,Iowa,2021,3197689.0,12.0,11.0,342.0,582.0,0.0,0.0,36.0,983.0,1.8200644277789368
637,Kansas,2021,2937922.0,7.0,21.0,63.0,1017.0,0.0,1.0,34.0,1143.0,3.461630363229521
638,Kentucky,2021,4506589.0,3.0,9.0,75.0,527.0,0.0,1.0,20.0,635.0,1.1693988513263578
639,Louisiana,2021,4627098.0,2.0,22.0,22.0,385.0,0.0,1.0,50.0,482.0,0.8320549942966413
640,Maine,2021,1377238.0,1.0,2.0,0.0,629.0,0.0,0.0,8.0,640.0,4.567111857209865
641,Maryland,2021,6174610.0,27.0,15.0,46.0,3416.0,0.0,0.0,33.0,3537.0,5.532333216186933
642,Massachusetts,2021,6989690.0,8.0,13.0,6.0,4871.0,2.0,0.0,30.0,4930.0,6.96883552775588
643,Michigan,2021,10037504.0,10.0,23.0,245.0,1833.0,2.0,0.0,87.0,2200.0,1.8261512025300313
644,Minnesota,2021,5711471.0,157.0,23.0,454.0,1390.0,0.0,0.0,49.0,2073.0,2.4336987791761526
645,Mississippi,2021,2949586.0,1.0,6.0,4.0,433.0,0.0,2.0,74.0,520.0,1.4680026281654444
646,Missouri,2021,6169823.0,2.0,19.0,132.0,2200.0,0.0,1.0,63.0,2417.0,3.565742485643429
647,Montana,2021,1106227.0,0.0,1.0,2.0,212.0,0.0,0.0,28.0,243.0,1.9164240250870754
648,Nebraska,2021,1963554.0,3.0,9.0,120.0,377.0,0.0,1.0,27.0,537.0,1.9199879402349005
649,Nevada,2021,3146402.0,2.0,5.0,12.0,1353.0,0.0,0.0,23.0,1395.0,4.300149821923581
650,New Hampshire,2021,1387505.0,2.0,4.0,0.0,351.0,0.0,0.0,18.0,375.0,2.5297206136194106
651,New Jersey,2021,9267961.0,5.0,28.0,6.0,2008.0,0.0,0.0,13.0,2060.0,2.1666038516994193
652,New Mexico,2021,2116677.0,2.0,11.0,18.0,457.0,0.0,1.0,54.0,543.0,2.1590445778926117
653,New York,2021,19857492.0,30.0,57.0,79.0,7621.0,1.0,0.0,46.0,7834.0,3.837846189236788
654,North Carolina,2021,10565885.0,110.0,37.0,100.0,2784.0,0.0,1.0,70.0,3102.0,2.634895231208744
655,North Dakota,2021,777934.0,1.0,1.0,49.0,139.0,0.0,0.0,20.0,210.0,1.786783968819977
656,Ohio,2021,11764342.0,10.0,52.0,213.0,2203.0,2.0,4.0,74.0,2558.0,1.8726079197629584
657,Oklahoma,2021,3991225.0,1.0,116.0,88.0,1088.0,0.0,0.0,118.0,1411.0,2.725980118885806
658,Oregon,2021,4256301.0,37.0,15.0,4.0,2439.0,0.0,2.0,44.0,2541.0,5.73032781281211
659,Pennsylvania,2021,13012059.0,5.0,92.0,146.0,2665.0,0.0,3.0,82.0,2993.0,2.0481001507908934
660,Rhode Island,2021,1096985.0,3.0,1.0,0.0,628.0,0.0,0.0,5.0,637.0,5.724782016162482
661,South Carolina,2021,5193266.0,33.0,11.0,46.0,862.0,0.0,1.0,46.0,999.0,1.6598418028269686
662,South Dakota,2021,896164.0,0.0,0.0,83.0,156.0,0.0,0.0,21.0,260.0,1.7407528086377047
663,Tennessee,2021,6968351.0,9.0,20.0,95.0,1647.0,0.0,4.0,55.0,1830.0,2.3635433978569678
664,Texas,2021,29558864.0,18.0,107.0,269.0,5486.0,0.0,15.0,383.0,6278.0,1.8559576579126993
665,Utah,2021,3339113.0,1.0,42.0,1.0,1978.0,0.0,1.0,36.0,2059.0,5.9237288465529625
666,Vermont,2021,646972.0,2.0,3.0,0.0,871.0,0.0,0.0,1.0,877.0,13.462715542558257
667,Virginia,2021,8657365.0,7.0,23.0,64.0,3301.0,1.0,1.0,85.0,3482.0,3.812938463377714
668,Washington,2021,7740745.0,25.0,24.0,14.0,4328.0,1.0,1.0,78.0,4471.0,5.591193095754996
669,West Virginia,2021,1785526.0,1.0,2.0,38.0,307.0,0.0,0.0,17.0,365.0,1.7193812915633824
670,Wisconsin,2021,5880101.0,4.0,43.0,261.0,949.0,0.0,1.0,52.0,1310.0,1.6139178561728789
671,Wyoming,2021,579483.0,0.0,9.0,9.0,184.0,0.0,0.0,20.0,222.0,3.175244140035169
672,Alabama,2022,5074296.0,10.0,30.0,31.0,848.0,0.0,2.0,62.0,983.0,1.671167783668907
673,Arizona,2022,7359197.0,75.0,28.0,17.0,2638.0,1.0,5.0,65.0,2829.0,3.5846302252813724
674,Arkansas,2022,3045637.0,17.0,10.0,74.0,598.0,0.0,0.0,36.0,735.0,1.9634644575174258
675,California,2022,39029342.0,32.0,314.0,326.0,43400.0,58.0,40.0,246.0,44416.0,11.119839017526864
676,Colorado,2022,5839926.0,5.0,27.0,95.0,4411.0,1.0,1.0,49.0,4589.0,7.55317789985695
677,Connecticut,2022,3626205.0,1.0,13.0,3.0,1638.0,0.0,0.0,18.0,1673.0,4.517119136948959
678,Delaware,2022,1018396.0,0.0,2.0,2.0,367.0,1.0,0.0,19.0,391.0,3.603706220370072
679,Florida,2022,22244823.0,5.0,52.0,143.0,7802.0,0.0,3.0,125.0,8130.0,3.5073329196640493
680,Georgia,2022,10912876.0,3.0,42.0,58.0,4121.0,0.0,4.0,80.0,4308.0,3.776273092446024
681,Idaho,2022,1939033.0,0.0,11.0,4.0,382.0,0.0,0.0,22.0,419.0,1.9700541455457437
682,Illinois,2022,12582032.0,111.0,36.0,293.0,3315.0,0.0,2.0,85.0,3842.0,2.6347095604271233
683,Indiana,2022,6833037.0,14.0,20.0,240.0,1088.0,0.0,1.0,48.0,1411.0,1.5922641718462813
684,Iowa,2022,3200517.0,272.0,9.0,346.0,659.0,0.0,0.0,34.0,1320.0,2.0590423359725945
685,Kansas,2022,2937150.0,11.0,19.0,73.0,1047.0,0.0,1.0,36.0,1187.0,3.564680046984322
686,Kentucky,2022,4512310.0,1.0,7.0,73.0,616.0,0.0,1.0,19.0,717.0,1.3651544330952439
687,Louisiana,2022,4590241.0,1.0,20.0,18.0,475.0,0.0,1.0,48.0,563.0,1.0348040549504918
688,Maine,2022,1385340.0,1.0,2.0,1.0,865.0,0.0,0.0,8.0,877.0,6.2439545526729905
689,Maryland,2022,6164660.0,24.0,15.0,55.0,3929.0,0.0,0.0,33.0,4056.0,6.373425298394396
690,Massachusetts,2022,6981974.0,1.0,13.0,6.0,5765.0,2.0,0.0,30.0,5817.0,8.256977181524881
691,Michigan,2022,10034113.0,7.0,16.0,228.0,2697.0,2.0,0.0,87.0,3037.0,2.6878310021025276
692,Minnesota,2022,5717184.0,245.0,21.0,437.0,1517.0,0.0,0.0,47.0,2267.0,2.653404193393111
693,Mississippi,2022,2940057.0,1.0,6.0,5.0,441.0,0.0,2.0,69.0,524.0,1.4999709189311636
694,Missouri,2022,6177957.0,14.0,18.0,136.0,2212.0,0.0,1.0,56.0,2437.0,3.5804716672518113
695,Montana,2022,1122867.0,0.0,1.0,2.0,252.0,0.0,0.0,29.0,284.0,2.2442551076841695
696,Nebraska,2022,1967923.0,24.0,8.0,126.0,446.0,0.0,0.0,27.0,631.0,2.2663488358030266
697,Nevada,2022,3177772.0,2.0,5.0,19.0,1663.0,0.0,0.0,22.0,1711.0,5.2332262981736895
698,New Hampshire,2022,1395231.0,2.0,4.0,0.0,468.0,0.0,0.0,16.0,490.0,3.3542832692220856
699,New Jersey,2022,9261699.0,5.0,27.0,6.0,2694.0,0.0,0.0,12.0,2744.0,2.908753566705202
700,New Mexico,2022,2113344.0,1.0,11.0,17.0,508.0,0.0,1.0,61.0,599.0,2.40377335634899
701,New York,2022,19677151.0,20.0,46.0,79.0,9539.0,1.0,0.0,45.0,9730.0,4.847754636837417
702,North Carolina,2022,10698973.0,108.0,35.0,107.0,3031.0,0.0,1.0,71.0,3353.0,2.83298219371149
703,North Dakota,2022,779261.0,1.0,1.0,42.0,172.0,0.0,0.0,19.0,235.0,2.2072194040250954
704,Ohio,2022,11756058.0,4.0,47.0,209.0,2801.0,2.0,4.0,72.0,3139.0,2.382601378795511
705,Oklahoma,2022,4019800.0,9.0,116.0,95.0,1093.0,0.0,0.0,115.0,1428.0,2.719040748295935
706,Oregon,2022,4240137.0,34.0,14.0,5.0,2472.0,0.0,2.0,43.0,2572.0,5.830000304235453
707,Pennsylvania,2022,12972008.0,4.0,87.0,172.0,3247.0,0.0,2.0,82.0,3594.0,2.5030820209176556
708,Rhode Island,2022,1093734.0,3.0,1.0,0.0,772.0,0.0,0.0,5.0,781.0,7.05838896843291
709,South Carolina,2022,5282634.0,32.0,11.0,60.0,987.0,0.0,1.0,46.0,1137.0,1.8683861119282539
710,South Dakota,2022,909824.0,0.0,0.0,81.0,176.0,0.0,0.0,18.0,275.0,1.9344400675295441
711,Tennessee,2022,7051339.0,7.0,18.0,92.0,1674.0,0.0,4.0,53.0,1848.0,2.3740171902102563
712,Texas,2022,30029572.0,11.0,87.0,257.0,6313.0,0.0,15.0,364.0,7047.0,2.102261064526661
713,Utah,2022,3380800.0,1.0,42.0,1.0,1857.0,0.0,1.0,36.0,1938.0,5.492782773308093
714,Vermont,2022,647064.0,2.0,2.0,0.0,896.0,0.0,0.0,1.0,901.0,13.847161949977126
715,Virginia,2022,8683619.0,7.0,22.0,72.0,3651.0,1.0,1.0,85.0,3839.0,4.204468206170723
716,Washington,2022,7785786.0,21.0,25.0,12.0,4520.0,1.0,1.0,74.0,4654.0,5.8054511130924995
717,West Virginia,2022,1775156.0,1.0,2.0,38.0,386.0,0.0,0.0,17.0,444.0,2.1744567801365062
718,Wisconsin,2022,5892539.0,23.0,43.0,257.0,1084.0,0.0,1.0,53.0,1461.0,1.8396144683980877
719,Wyoming,2022,581381.0,0.0,9.0,8.0,213.0,0.0,0.0,16.0,246.0,3.6636904198795626
