State,Biodiesel,CNG,E85,Electric,Hydrogen,LNG,Propane,Total,year
Alabama,10.0,30.0,31.0,848,0,2.0,62,983.0,2022
Alaska,0.0,1.0,0.0,115,0,0.0,2,118.0,2022
Arizona,75.0,28.0,17.0,"2,638",1,5.0,65,2829.0,2022
Arkansas,17.0,10.0,74.0,598,0,0.0,36,735.0,2022
California,32.0,314.0,326.0,"43,400",58,40.0,246,44416.0,2022
Colorado,5.0,27.0,95.0,"4,411",1,1.0,49,4589.0,2022
Connecticut,1.0,13.0,3.0,"1,638",0,0.0,18,1673.0,2022
Delaware,0.0,2.0,2.0,367,1,0.0,19,391.0,2022
District of Columbia,9.0,3.0,4.0,970,0,0.0,6,992.0,2022
Florida,5.0,52.0,143.0,"7,802",0,3.0,125,8130.0,2022
Georgia,3.0,42.0,58.0,"4,121",0,4.0,80,4308.0,2022
Hawaii,11.0,0.0,1.0,940,2,0.0,1,955.0,2022
Idaho,0.0,11.0,4.0,382,0,0.0,22,419.0,2022
Illinois,111.0,36.0,293.0,"3,315",0,2.0,85,3842.0,2022
Indiana,14.0,20.0,240.0,"1,088",0,1.0,48,1411.0,2022
Iowa,272.0,9.0,346.0,659,0,0.0,34,1320.0,2022
Kansas,11.0,19.0,73.0,"1,047",0,1.0,36,1187.0,2022
Kentucky,1.0,7.0,73.0,616,0,1.0,19,717.0,2022
Louisiana,1.0,20.0,18.0,475,0,1.0,48,563.0,2022
Maine,1.0,2.0,1.0,865,0,0.0,8,877.0,2022
Maryland,24.0,15.0,55.0,"3,929",0,0.0,33,4056.0,2022
Massachusetts,1.0,13.0,6.0,"5,765",2,0.0,30,5817.0,2022
Michigan,7.0,16.0,228.0,"2,697",2,0.0,87,3037.0,2022
Minnesota,245.0,21.0,437.0,"1,517",0,0.0,47,2267.0,2022
Mississippi,1.0,6.0,5.0,441,0,2.0,69,524.0,2022
Missouri,14.0,18.0,136.0,"2,212",0,1.0,56,2437.0,2022
Montana,0.0,1.0,2.0,252,0,0.0,29,284.0,2022
Nebraska,24.0,8.0,126.0,446,0,0.0,27,631.0,2022
Nevada,2.0,5.0,19.0,"1,663",0,0.0,22,1711.0,2022
New Hampshire,2.0,4.0,0.0,468,0,0.0,16,490.0,2022
New Jersey,5.0,27.0,6.0,"2,694",0,0.0,12,2744.0,2022
New Mexico,1.0,11.0,17.0,508,0,1.0,61,599.0,2022
New York,20.0,46.0,79.0,"9,539",1,0.0,45,9730.0,2022
North Carolina,108.0,35.0,107.0,"3,031",0,1.0,71,3353.0,2022
North Dakota,1.0,1.0,42.0,172,0,0.0,19,235.0,2022
Ohio,4.0,47.0,209.0,"2,801",2,4.0,72,3139.0,2022
Oklahoma,9.0,116.0,95.0,"1,093",0,0.0,115,1428.0,2022
Oregon,34.0,14.0,5.0,"2,472",0,2.0,43,2572.0,2022
Pennsylvania,4.0,87.0,172.0,"3,247",0,2.0,82,3594.0,2022
Rhode Island,3.0,1.0,0.0,772,0,0.0,5,781.0,2022
South Carolina,32.0,11.0,60.0,987,0,1.0,46,1137.0,2022
South Dakota,0.0,0.0,81.0,176,0,0.0,18,275.0,2022
Tennessee,7.0,18.0,92.0,"1,674",0,4.0,53,1848.0,2022
Texas,11.0,87.0,257.0,"6,313",0,15.0,364,7047.0,2022
Utah,1.0,42.0,1.0,"1,857",0,1.0,36,1938.0,2022
Vermont,2.0,2.0,0.0,896,0,0.0,1,901.0,2022
Virginia,7.0,22.0,72.0,"3,651",1,1.0,85,3839.0,2022
Washington,21.0,25.0,12.0,"4,520",1,1.0,74,4654.0,2022
West Virginia,1.0,2.0,38.0,386,0,0.0,17,444.0,2022
Wisconsin,23.0,43.0,257.0,"1,084",0,1.0,53,1461.0,2022
Wyoming,0.0,9.0,8.0,213,0,0.0,16,246.0,2022
Alabama,10.0,30.0,33.0,680,0,2.0,68,823.0,2021
Alaska,0.0,1.0,0.0,94,0,0.0,2,97.0,2021
Arizona,75.0,29.0,19.0,"2,257",1,7.0,69,2457.0,2021
Arkansas,17.0,15.0,70.0,453,0,0.0,35,590.0,2021
California,27.0,323.0,264.0,"41,225",52,41.0,261,42193.0,2021
Colorado,6.0,31.0,96.0,"3,978",1,1.0,50,4163.0,2021
Connecticut,1.0,17.0,3.0,"1,430",1,0.0,20,1472.0,2021
Delaware,0.0,2.0,1.0,314,1,0.0,9,327.0,2021
District of Columbia,8.0,2.0,4.0,822,0,0.0,6,842.0,2021
Florida,7.0,56.0,111.0,"6,723",0,3.0,139,7039.0,2021
Georgia,4.0,46.0,67.0,"3,939",0,4.0,82,4142.0,2021
Hawaii,8.0,0.0,1.0,833,2,0.0,1,845.0,2021
Idaho,0.0,11.0,5.0,345,0,0.0,24,385.0,2021
Illinois,19.0,39.0,304.0,"2,756",0,2.0,91,3211.0,2021
Indiana,7.0,31.0,247.0,948,0,1.0,48,1282.0,2021
Iowa,12.0,11.0,342.0,582,0,0.0,36,983.0,2021
Kansas,7.0,21.0,63.0,"1,017",0,1.0,34,1143.0,2021
Kentucky,3.0,9.0,75.0,527,0,1.0,20,635.0,2021
Louisiana,2.0,22.0,22.0,385,0,1.0,50,482.0,2021
Maine,1.0,2.0,0.0,629,0,0.0,8,640.0,2021
Maryland,27.0,15.0,46.0,"3,416",0,0.0,33,3537.0,2021
Massachusetts,8.0,13.0,6.0,"4,871",2,0.0,30,4930.0,2021
Michigan,10.0,23.0,245.0,"1,833",2,0.0,87,2200.0,2021
Minnesota,157.0,23.0,454.0,"1,390",0,0.0,49,2073.0,2021
Mississippi,1.0,6.0,4.0,433,0,2.0,74,520.0,2021
Missouri,2.0,19.0,132.0,"2,200",0,1.0,63,2417.0,2021
Montana,0.0,1.0,2.0,212,0,0.0,28,243.0,2021
Nebraska,3.0,9.0,120.0,377,0,1.0,27,537.0,2021
Nevada,2.0,5.0,12.0,"1,353",0,0.0,23,1395.0,2021
New Hampshire,2.0,4.0,0.0,351,0,0.0,18,375.0,2021
New Jersey,5.0,28.0,6.0,"2,008",0,0.0,13,2060.0,2021
New Mexico,2.0,11.0,18.0,457,0,1.0,54,543.0,2021
New York,30.0,57.0,79.0,"7,621",1,0.0,46,7834.0,2021
North Carolina,110.0,37.0,100.0,"2,784",0,1.0,70,3102.0,2021
North Dakota,1.0,1.0,49.0,139,0,0.0,20,210.0,2021
Ohio,10.0,52.0,213.0,"2,203",2,4.0,74,2558.0,2021
Oklahoma,1.0,116.0,88.0,"1,088",0,0.0,118,1411.0,2021
Oregon,37.0,15.0,4.0,"2,439",0,2.0,44,2541.0,2021
Pennsylvania,5.0,92.0,146.0,"2,665",0,3.0,82,2993.0,2021
Rhode Island,3.0,1.0,0.0,628,0,0.0,5,637.0,2021
South Carolina,33.0,11.0,46.0,862,0,1.0,46,999.0,2021
South Dakota,0.0,0.0,83.0,156,0,0.0,21,260.0,2021
Tennessee,9.0,20.0,95.0,"1,647",0,4.0,55,1830.0,2021
Texas,18.0,107.0,269.0,"5,486",0,15.0,383,6278.0,2021
Utah,1.0,42.0,1.0,"1,978",0,1.0,36,2059.0,2021
Vermont,2.0,3.0,0.0,871,0,0.0,1,877.0,2021
Virginia,7.0,23.0,64.0,"3,301",1,1.0,85,3482.0,2021
Washington,25.0,24.0,14.0,"4,328",1,1.0,78,4471.0,2021
West Virginia,1.0,2.0,38.0,307,0,0.0,17,365.0,2021
Wisconsin,4.0,43.0,261.0,949,0,1.0,52,1310.0,2021
Wyoming,0.0,9.0,9.0,184,0,0.0,20,222.0,2021
Alabama,10.0,30.0,29.0,596,0,2.0,69,736.0,2020
Alaska,0.0,1.0,0.0,45,0,0.0,3,49.0,2020
Arizona,75.0,30.0,20.0,"1,778",1,7.0,78,1989.0,2020
Arkansas,3.0,15.0,50.0,350,0,1.0,36,455.0,2020
California,27.0,322.0,198.0,"34,622",49,41.0,268,35527.0,2020
Colorado,7.0,34.0,88.0,"3,234",1,0.0,53,3417.0,2020
Connecticut,1.0,18.0,3.0,"1,240",2,0.0,19,1283.0,2020
Delaware,1.0,2.0,1.0,206,1,0.0,9,220.0,2020
District of Columbia,7.0,2.0,3.0,701,0,0.0,0,713.0,2020
Florida,10.0,55.0,94.0,"5,519",0,3.0,113,5794.0,2020
Georgia,6.0,51.0,66.0,"3,645",0,4.0,89,3861.0,2020
Hawaii,7.0,0.0,2.0,760,2,1.0,1,773.0,2020
Idaho,0.0,11.0,5.0,281,0,0.0,27,324.0,2020
Illinois,19.0,38.0,284.0,"2,351",0,2.0,91,2785.0,2020
Indiana,3.0,32.0,234.0,784,0,1.0,58,1112.0,2020
Iowa,10.0,12.0,315.0,486,0,0.0,32,855.0,2020
Kansas,1.0,21.0,56.0,950,0,1.0,37,1066.0,2020
Kentucky,3.0,9.0,72.0,383,0,1.0,26,494.0,2020
Louisiana,1.0,22.0,18.0,360,0,1.0,51,453.0,2020
Maine,2.0,2.0,0.0,518,0,0.0,9,531.0,2020
Maryland,11.0,12.0,43.0,"2,767",0,0.0,27,2860.0,2020
Massachusetts,10.0,13.0,7.0,"3,406",1,1.0,30,3468.0,2020
Michigan,10.0,24.0,236.0,"1,598",2,0.0,91,1961.0,2020
Minnesota,146.0,23.0,422.0,"1,218",0,0.0,43,1852.0,2020
Mississippi,2.0,8.0,5.0,344,0,2.0,76,437.0,2020
Missouri,2.0,20.0,115.0,"2,060",0,1.0,71,2269.0,2020
Montana,1.0,1.0,1.0,188,0,0.0,39,230.0,2020
Nebraska,3.0,10.0,88.0,287,0,1.0,30,419.0,2020
Nevada,2.0,8.0,12.0,"1,162",0,0.0,22,1206.0,2020
New Hampshire,2.0,4.0,0.0,291,0,0.0,22,319.0,2020
New Jersey,4.0,28.0,6.0,"1,651",0,0.0,13,1702.0,2020
New Mexico,3.0,11.0,14.0,374,0,1.0,54,457.0,2020
New York,28.0,62.0,75.0,"6,092",1,0.0,43,6301.0,2020
North Carolina,112.0,38.0,96.0,"2,267",0,2.0,82,2597.0,2020
North Dakota,1.0,1.0,38.0,101,0,0.0,24,165.0,2020
Ohio,12.0,54.0,193.0,"1,840",1,3.0,75,2178.0,2020
Oklahoma,3.0,117.0,69.0,693,0,0.0,122,1004.0,2020
Oregon,37.0,15.0,4.0,"2,117",0,2.0,52,2227.0,2020
Pennsylvania,5.0,88.0,143.0,"2,048",0,3.0,91,2378.0,2020
Rhode Island,4.0,3.0,0.0,550,0,0.0,5,562.0,2020
South Carolina,34.0,11.0,49.0,727,1,1.0,55,878.0,2020
South Dakota,0.0,0.0,80.0,133,0,0.0,23,236.0,2020
Tennessee,9.0,21.0,89.0,"1,341",0,4.0,61,1525.0,2020
Texas,26.0,112.0,241.0,"4,802",0,16.0,427,5624.0,2020
Utah,0.0,48.0,2.0,"1,617",0,0.0,43,1710.0,2020
Vermont,2.0,3.0,0.0,797,0,0.0,1,803.0,2020
Virginia,10.0,23.0,61.0,"2,504",0,2.0,83,2683.0,2020
Washington,36.0,25.0,16.0,"3,771",1,1.0,82,3932.0,2020
West Virginia,0.0,3.0,37.0,258,0,0.0,13,311.0,2020
Wisconsin,4.0,48.0,256.0,829,0,1.0,64,1202.0,2020
Wyoming,0.0,8.0,10.0,172,0,0.0,23,213.0,2020
Alabama,10.0,27.0,34.0,506,0.0,2.0,72.0,651.0,2019
Alaska,0.0,1.0,0.0,34,0.0,0.0,5.0,40.0,2019
Arizona,78.0,30.0,22.0,"1,476",1.0,8.0,75.0,1690.0,2019
Arkansas,3.0,16.0,47.0,290,0.0,1.0,37.0,394.0,2019
California,29.0,321.0,195.0,"27,128",48.0,44.0,273.0,28038.0,2019
Colorado,8.0,35.0,84.0,"2,516",1.0,1.0,52.0,2697.0,2019
Connecticut,2.0,17.0,3.0,"1,048",2.0,0.0,21.0,1093.0,2019
Delaware,1.0,2.0,1.0,172,1.0,0.0,9.0,186.0,2019
District of Columbia,7.0,2.0,3.0,553,1.0,0.0,0.0,566.0,2019
Florida,10.0,61.0,88.0,"4,562",0.0,3.0,134.0,4858.0,2019
Georgia,6.0,50.0,52.0,"2,939",0.0,4.0,89.0,3140.0,2019
Hawaii,7.0,0.0,2.0,666,2.0,1.0,2.0,680.0,2019
Idaho,0.0,11.0,4.0,216,0.0,0.0,30.0,261.0,2019
Illinois,19.0,42.0,279.0,"1,864",0.0,2.0,100.0,2306.0,2019
Indiana,3.0,34.0,221.0,614,0.0,1.0,65.0,938.0,2019
Iowa,11.0,11.0,300.0,348,0.0,0.0,34.0,704.0,2019
Kansas,1.0,21.0,38.0,904,0.0,1.0,37.0,1002.0,2019
Kentucky,3.0,10.0,71.0,315,0.0,2.0,32.0,433.0,2019
Louisiana,2.0,23.0,14.0,293,0.0,1.0,59.0,392.0,2019
Maine,4.0,1.0,1.0,433,0.0,0.0,13.0,452.0,2019
Maryland,11.0,13.0,39.0,"2,110",0.0,0.0,31.0,2204.0,2019
Massachusetts,10.0,15.0,6.0,"2,455",2.0,1.0,32.0,2521.0,2019
Michigan,9.0,21.0,241.0,"1,429",2.0,0.0,100.0,1802.0,2019
Minnesota,16.0,26.0,430.0,"1,051",0.0,0.0,47.0,1570.0,2019
Mississippi,2.0,6.0,6.0,292,0.0,2.0,83.0,391.0,2019
Missouri,2.0,20.0,111.0,"1,895",0.0,1.0,73.0,2102.0,2019
Montana,3.0,1.0,1.0,137,0.0,0.0,41.0,183.0,2019
Nebraska,3.0,8.0,97.0,238,0.0,1.0,28.0,375.0,2019
Nevada,2.0,6.0,12.0,927,0.0,1.0,28.0,976.0,2019
New Hampshire,2.0,4.0,0.0,244,0.0,0.0,27.0,277.0,2019
New Jersey,4.0,27.0,6.0,"1,297",0.0,0.0,17.0,1351.0,2019
New Mexico,3.0,11.0,14.0,245,0.0,1.0,62.0,336.0,2019
New York,34.0,69.0,71.0,"4,531",1.0,0.0,59.0,4765.0,2019
North Carolina,114.0,40.0,89.0,"1,903",0.0,2.0,75.0,2223.0,2019
North Dakota,2.0,1.0,41.0,46,0.0,0.0,24.0,114.0,2019
Ohio,13.0,60.0,180.0,"1,342",1.0,5.0,90.0,1691.0,2019
Oklahoma,3.0,118.0,56.0,309,0.0,1.0,130.0,617.0,2019
Oregon,47.0,16.0,9.0,"1,893",0.0,2.0,57.0,2024.0,2019
Pennsylvania,5.0,88.0,125.0,"1,475",0.0,3.0,107.0,1803.0,2019
Rhode Island,5.0,4.0,0.0,407,0.0,0.0,4.0,420.0,2019
South Carolina,34.0,12.0,53.0,643,1.0,1.0,59.0,803.0,2019
South Dakota,0.0,0.0,83.0,127,0.0,0.0,23.0,233.0,2019
Tennessee,8.0,24.0,73.0,"1,207",0.0,4.0,65.0,1381.0,2019
Texas,22.0,108.0,232.0,"4,009",0.0,16.0,460.0,4847.0,2019
Utah,0.0,51.0,2.0,950,0.0,2.0,39.0,1044.0,2019
Vermont,2.0,3.0,0.0,664,0.0,0.0,1.0,670.0,2019
Virginia,10.0,24.0,58.0,"2,056",0.0,2.0,88.0,2238.0,2019
Washington,37.0,24.0,20.0,"3,206",1.0,1.0,82.0,3371.0,2019
West Virginia,0.0,3.0,34.0,244,0.0,0.0,14.0,295.0,2019
Wisconsin,4.0,50.0,227.0,711,0.0,1.0,66.0,1059.0,2019
Wyoming,0.0,8.0,11.0,159,0.0,0.0,25.0,203.0,2019
Alabama,9.0,29.0,40.0,395,0.0,3.0,82.0,558.0,2018
Alaska,0.0,1.0,0.0,11,0.0,0.0,6.0,18.0,2018
Arizona,77.0,28.0,22.0,"1,226",0.0,8.0,86.0,1447.0,2018
Arkansas,3.0,14.0,43.0,124,0.0,1.0,39.0,224.0,2018
California,29.0,320.0,161.0,"21,119",42.0,47.0,292.0,22010.0,2018
Colorado,13.0,41.0,81.0,"1,792",1.0,1.0,57.0,1986.0,2018
Connecticut,2.0,21.0,4.0,837,2.0,1.0,22.0,889.0,2018
Delaware,1.0,1.0,1.0,133,1.0,0.0,8.0,145.0,2018
District of Columbia,7.0,2.0,3.0,333,1.0,0.0,0.0,346.0,2018
Florida,14.0,56.0,88.0,"3,030",0.0,3.0,139.0,3330.0,2018
Georgia,23.0,51.0,54.0,"2,184",0.0,4.0,90.0,2406.0,2018
Hawaii,6.0,0.0,2.0,536,5.0,1.0,4.0,554.0,2018
Idaho,0.0,11.0,6.0,174,0.0,0.0,32.0,223.0,2018
Illinois,22.0,46.0,280.0,"1,399",0.0,2.0,104.0,1853.0,2018
Indiana,5.0,33.0,211.0,486,0.0,1.0,65.0,801.0,2018
Iowa,10.0,10.0,267.0,296,0.0,0.0,33.0,616.0,2018
Kansas,1.0,22.0,26.0,783,0.0,1.0,39.0,872.0,2018
Kentucky,3.0,10.0,74.0,219,0.0,2.0,34.0,342.0,2018
Louisiana,6.0,23.0,12.0,213,0.0,1.0,65.0,320.0,2018
Maine,3.0,2.0,1.0,264,0.0,0.0,12.0,282.0,2018
Maryland,12.0,15.0,35.0,"1,754",0.0,0.0,34.0,1850.0,2018
Massachusetts,12.0,15.0,7.0,"1,790",2.0,1.0,33.0,1860.0,2018
Michigan,7.0,21.0,253.0,"1,382",2.0,0.0,109.0,1774.0,2018
Minnesota,19.0,25.0,412.0,788,0.0,0.0,48.0,1292.0,2018
Mississippi,4.0,6.0,5.0,119,0.0,3.0,86.0,223.0,2018
Missouri,2.0,21.0,98.0,"1,673",0.0,1.0,77.0,1872.0,2018
Montana,7.0,1.0,2.0,96,0.0,0.0,45.0,151.0,2018
Nebraska,2.0,11.0,88.0,194,0.0,1.0,34.0,330.0,2018
Nevada,2.0,5.0,14.0,659,0.0,1.0,31.0,712.0,2018
New Hampshire,3.0,4.0,0.0,228,0.0,0.0,30.0,265.0,2018
New Jersey,5.0,27.0,6.0,747,0.0,0.0,16.0,801.0,2018
New Mexico,5.0,11.0,12.0,181,0.0,1.0,63.0,273.0,2018
New York,34.0,74.0,72.0,"2,560",1.0,0.0,66.0,2807.0,2018
North Carolina,111.0,39.0,86.0,"1,490",0.0,1.0,91.0,1818.0,2018
North Dakota,3.0,1.0,44.0,28,0.0,0.0,24.0,100.0,2018
Ohio,14.0,61.0,165.0,949,2.0,5.0,95.0,1291.0,2018
Oklahoma,4.0,122.0,52.0,167,0.0,1.0,135.0,481.0,2018
Oregon,65.0,16.0,10.0,"1,544",0.0,2.0,61.0,1698.0,2018
Pennsylvania,6.0,80.0,123.0,986,0.0,3.0,99.0,1297.0,2018
Rhode Island,5.0,4.0,0.0,248,0.0,0.0,6.0,263.0,2018
South Carolina,24.0,11.0,66.0,554,1.0,1.0,49.0,706.0,2018
South Dakota,1.0,0.0,77.0,77,0.0,0.0,26.0,181.0,2018
Tennessee,21.0,23.0,78.0,"1,145",0.0,5.0,71.0,1343.0,2018
Texas,16.0,119.0,220.0,"3,134",1.0,21.0,457.0,3968.0,2018
Utah,1.0,70.0,2.0,543,0.0,2.0,44.0,662.0,2018
Vermont,3.0,3.0,0.0,535,0.0,0.0,1.0,542.0,2018
Virginia,9.0,22.0,47.0,"1,451",0.0,2.0,82.0,1613.0,2018
Washington,39.0,23.0,20.0,"2,571",1.0,1.0,86.0,2741.0,2018
West Virginia,2.0,3.0,33.0,212,0.0,0.0,10.0,260.0,2018
Wisconsin,4.0,54.0,212.0,557,0.0,1.0,72.0,900.0,2018
Wyoming,4.0,13.0,12.0,121,0.0,0.0,29.0,179.0,2018
Alabama,5.0,33.0,39.0,320,0.0,3.0,89.0,489.0,2017
Alaska,0.0,1.0,0.0,11,0.0,0.0,7.0,19.0,2017
Arizona,76.0,30.0,21.0,"1,066",0.0,8.0,89.0,1290.0,2017
Arkansas,4.0,16.0,43.0,113,0.0,1.0,40.0,217.0,2017
California,36.0,324.0,147.0,"16,538",42.0,44.0,295.0,17426.0,2017
Colorado,16.0,42.0,91.0,"1,383",1.0,1.0,56.0,1590.0,2017
Connecticut,2.0,21.0,4.0,788,2.0,1.0,20.0,838.0,2017
Delaware,1.0,1.0,1.0,102,1.0,0.0,9.0,115.0,2017
District of Columbia,7.0,2.0,3.0,259,1.0,0.0,0.0,272.0,2017
Florida,14.0,58.0,82.0,"2,505",0.0,3.0,140.0,2802.0,2017
Georgia,23.0,48.0,53.0,"1,900",0.0,4.0,92.0,2120.0,2017
Hawaii,8.0,1.0,2.0,626,4.0,0.0,5.0,646.0,2017
Idaho,2.0,11.0,5.0,170,0.0,2.0,31.0,221.0,2017
Illinois,14.0,47.0,270.0,"1,236",1.0,2.0,121.0,1691.0,2017
Indiana,6.0,34.0,204.0,403,0.0,1.0,185.0,833.0,2017
Iowa,9.0,9.0,247.0,258,0.0,0.0,33.0,556.0,2017
Kansas,3.0,23.0,20.0,742,0.0,1.0,38.0,827.0,2017
Kentucky,5.0,12.0,73.0,193,0.0,2.0,36.0,321.0,2017
Louisiana,7.0,25.0,12.0,195,0.0,1.0,75.0,315.0,2017
Maine,3.0,2.0,0.0,221,0.0,0.0,14.0,240.0,2017
Maryland,13.0,17.0,36.0,"1,341",0.0,1.0,34.0,1442.0,2017
Massachusetts,11.0,16.0,7.0,"1,503",2.0,1.0,34.0,1574.0,2017
Michigan,9.0,23.0,254.0,"1,210",2.0,0.0,103.0,1601.0,2017
Minnesota,7.0,25.0,372.0,760,0.0,0.0,48.0,1212.0,2017
Mississippi,4.0,7.0,5.0,116,0.0,2.0,91.0,225.0,2017
Missouri,3.0,22.0,94.0,"1,570",0.0,1.0,69.0,1759.0,2017
Montana,7.0,1.0,2.0,84,0.0,0.0,48.0,142.0,2017
Nebraska,2.0,11.0,95.0,159,0.0,1.0,27.0,295.0,2017
Nevada,4.0,6.0,19.0,614,0.0,1.0,31.0,675.0,2017
New Hampshire,4.0,4.0,0.0,195,0.0,0.0,29.0,232.0,2017
New Jersey,5.0,26.0,4.0,575,0.0,0.0,19.0,629.0,2017
New Mexico,5.0,14.0,11.0,167,0.0,1.0,59.0,257.0,2017
New York,34.0,84.0,72.0,"1,966",1.0,0.0,71.0,2228.0,2017
North Carolina,115.0,43.0,79.0,"1,374",0.0,1.0,92.0,1704.0,2017
North Dakota,2.0,1.0,41.0,15,0.0,0.0,24.0,83.0,2017
Ohio,14.0,59.0,164.0,775,3.0,6.0,92.0,1113.0,2017
Oklahoma,5.0,120.0,32.0,137,0.0,2.0,135.0,431.0,2017
Oregon,70.0,16.0,10.0,"1,363",0.0,2.0,57.0,1518.0,2017
Pennsylvania,7.0,77.0,75.0,778,0.0,3.0,104.0,1044.0,2017
Rhode Island,6.0,4.0,0.0,216,0.0,0.0,6.0,232.0,2017
South Carolina,24.0,13.0,64.0,489,2.0,1.0,49.0,642.0,2017
South Dakota,2.0,1.0,77.0,47,0.0,0.0,25.0,152.0,2017
Tennessee,27.0,22.0,81.0,"1,057",0.0,6.0,78.0,1271.0,2017
Texas,18.0,127.0,215.0,"2,719",1.0,23.0,470.0,3573.0,2017
Utah,1.0,79.0,1.0,388,0.0,6.0,46.0,521.0,2017
Vermont,2.0,3.0,0.0,435,0.0,0.0,2.0,442.0,2017
Virginia,10.0,23.0,31.0,"1,103",0.0,2.0,92.0,1261.0,2017
Washington,41.0,25.0,19.0,"2,145",0.0,2.0,88.0,2320.0,2017
West Virginia,2.0,3.0,33.0,199,0.0,0.0,10.0,247.0,2017
Wisconsin,5.0,56.0,157.0,497,0.0,1.0,74.0,790.0,2017
Wyoming,4.0,14.0,12.0,91,0.0,0.0,28.0,149.0,2017
Alabama,5.0,32.0,32.0,227,0.0,2.0,92.0,390.0,2016
Alaska,0.0,1.0,0.0,5,0.0,0.0,7.0,13.0,2016
Arizona,76.0,36.0,25.0,"1,016",0.0,8.0,93.0,1254.0,2016
Arkansas,5.0,17.0,44.0,91,0.0,1.0,45.0,203.0,2016
California,42.0,319.0,119.0,"14,084",39.0,44.0,322.0,14969.0,2016
Colorado,16.0,46.0,88.0,990,1.0,1.0,59.0,1201.0,2016
Connecticut,3.0,19.0,4.0,723,2.0,1.0,22.0,774.0,2016
Delaware,1.0,1.0,1.0,67,1.0,0.0,9.0,80.0,2016
District of Columbia,8.0,3.0,4.0,242,1.0,0.0,0.0,258.0,2016
Florida,14.0,57.0,74.0,"2,128",0.0,3.0,153.0,2429.0,2016
Georgia,24.0,48.0,56.0,"1,508",0.0,4.0,96.0,1736.0,2016
Hawaii,8.0,1.0,2.0,566,4.0,0.0,6.0,587.0,2016
Idaho,2.0,11.0,6.0,134,0.0,6.0,34.0,193.0,2016
Illinois,12.0,56.0,263.0,"1,136",1.0,2.0,123.0,1593.0,2016
Indiana,6.0,35.0,200.0,389,0.0,2.0,189.0,821.0,2016
Iowa,9.0,10.0,210.0,216,0.0,0.0,35.0,480.0,2016
Kansas,5.0,20.0,21.0,725,0.0,1.0,41.0,813.0,2016
Kentucky,4.0,11.0,72.0,168,0.0,1.0,38.0,294.0,2016
Louisiana,2.0,22.0,11.0,155,0.0,2.0,50.0,242.0,2016
Maine,3.0,2.0,0.0,184,0.0,0.0,15.0,204.0,2016
Maryland,11.0,16.0,34.0,"1,133",0.0,1.0,32.0,1227.0,2016
Massachusetts,12.0,18.0,7.0,"1,256",2.0,1.0,35.0,1331.0,2016
Michigan,10.0,27.0,254.0,"1,134",2.0,0.0,108.0,1535.0,2016
Minnesota,7.0,25.0,314.0,686,0.0,0.0,51.0,1083.0,2016
Mississippi,4.0,5.0,3.0,64,0.0,2.0,97.0,175.0,2016
Missouri,3.0,22.0,92.0,"1,163",0.0,1.0,68.0,1349.0,2016
Montana,7.0,1.0,2.0,76,0.0,0.0,55.0,141.0,2016
Nebraska,1.0,11.0,80.0,116,0.0,1.0,28.0,237.0,2016
Nevada,4.0,6.0,20.0,491,0.0,2.0,34.0,557.0,2016
New Hampshire,4.0,3.0,0.0,184,0.0,0.0,21.0,212.0,2016
New Jersey,5.0,28.0,5.0,506,0.0,0.0,21.0,565.0,2016
New Mexico,5.0,14.0,10.0,135,0.0,1.0,55.0,220.0,2016
New York,35.0,114.0,79.0,"1,630",1.0,0.0,77.0,1936.0,2016
North Carolina,122.0,40.0,58.0,"1,039",0.0,1.0,106.0,1366.0,2016
North Dakota,3.0,0.0,43.0,9,0.0,0.0,25.0,80.0,2016
Ohio,14.0,59.0,151.0,522,1.0,6.0,103.0,856.0,2016
Oklahoma,5.0,125.0,29.0,103,0.0,1.0,144.0,407.0,2016
Oregon,54.0,17.0,10.0,"1,271",0.0,3.0,61.0,1416.0,2016
Pennsylvania,7.0,68.0,41.0,674,1.0,3.0,103.0,897.0,2016
Rhode Island,6.0,5.0,0.0,204,0.0,0.0,7.0,222.0,2016
South Carolina,25.0,12.0,67.0,376,1.0,1.0,53.0,535.0,2016
South Dakota,2.0,1.0,75.0,40,0.0,0.0,27.0,145.0,2016
Tennessee,32.0,19.0,79.0,993,0.0,5.0,88.0,1216.0,2016
Texas,17.0,132.0,193.0,"2,440",1.0,20.0,487.0,3290.0,2016
Utah,1.0,90.0,1.0,298,0.0,8.0,48.0,446.0,2016
Vermont,3.0,3.0,1.0,389,0.0,0.0,2.0,398.0,2016
Virginia,11.0,21.0,22.0,995,0.0,2.0,88.0,1139.0,2016
Washington,40.0,27.0,21.0,"1,833",0.0,2.0,90.0,2013.0,2016
West Virginia,2.0,4.0,11.0,96,0.0,0.0,13.0,126.0,2016
Wisconsin,5.0,57.0,151.0,451,0.0,1.0,69.0,734.0,2016
Wyoming,14.0,13.0,10.0,63,0.0,0.0,29.0,129.0,2016
Alabama,5.0,29.0,31.0,203,1.0,2.0,104.0,375.0,2015
Alaska,0.0,1.0,0.0,3,0.0,0.0,7.0,11.0,2015
Arizona,76.0,38.0,30.0,814,0.0,8.0,93.0,1059.0,2015
Arkansas,4.0,16.0,47.0,65,0.0,0.0,50.0,182.0,2015
California,62.0,307.0,107.0,"10,331",18.0,47.0,370.0,11242.0,2015
Colorado,16.0,42.0,89.0,713,2.0,1.0,58.0,921.0,2015
Connecticut,3.0,17.0,4.0,495,1.0,1.0,21.0,542.0,2015
Delaware,1.0,1.0,1.0,55,1.0,0.0,8.0,67.0,2015
District of Columbia,7.0,2.0,3.0,234,0.0,0.0,0.0,246.0,2015
Florida,17.0,51.0,74.0,"1,710",0.0,1.0,153.0,2006.0,2015
Georgia,23.0,37.0,58.0,"1,164",0.0,3.0,87.0,1372.0,2015
Hawaii,8.0,1.0,3.0,493,2.0,0.0,4.0,511.0,2015
Idaho,3.0,10.0,7.0,70,0.0,8.0,33.0,131.0,2015
Illinois,11.0,50.0,247.0,920,1.0,1.0,127.0,1357.0,2015
Indiana,7.0,32.0,194.0,296,0.0,1.0,190.0,720.0,2015
Iowa,10.0,10.0,214.0,156,0.0,0.0,33.0,423.0,2015
Kansas,5.0,16.0,26.0,551,0.0,1.0,41.0,640.0,2015
Kentucky,4.0,8.0,68.0,93,0.0,1.0,50.0,224.0,2015
Louisiana,2.0,24.0,9.0,82,0.0,2.0,43.0,162.0,2015
Maine,3.0,2.0,0.0,87,0.0,0.0,16.0,108.0,2015
Maryland,9.0,12.0,34.0,853,0.0,0.0,32.0,940.0,2015
Massachusetts,11.0,22.0,6.0,959,1.0,1.0,36.0,1036.0,2015
Michigan,11.0,26.0,241.0,786,2.0,0.0,112.0,1178.0,2015
Minnesota,6.0,22.0,289.0,509,0.0,0.0,48.0,874.0,2015
Mississippi,4.0,8.0,3.0,36,0.0,1.0,114.0,166.0,2015
Missouri,4.0,22.0,99.0,526,0.0,0.0,69.0,720.0,2015
Montana,7.0,2.0,2.0,45,0.0,0.0,57.0,113.0,2015
Nebraska,3.0,11.0,82.0,57,0.0,0.0,27.0,180.0,2015
Nevada,4.0,8.0,20.0,308,0.0,2.0,34.0,376.0,2015
New Hampshire,4.0,3.0,0.0,131,0.0,0.0,18.0,156.0,2015
New Jersey,5.0,27.0,5.0,408,0.0,0.0,20.0,465.0,2015
New Mexico,6.0,15.0,10.0,97,0.0,1.0,58.0,187.0,2015
New York,36.0,87.0,85.0,"1,281",1.0,0.0,80.0,1570.0,2015
North Carolina,130.0,43.0,26.0,798,0.0,1.0,115.0,1113.0,2015
North Dakota,3.0,1.0,53.0,5,0.0,0.0,24.0,86.0,2015
Ohio,12.0,54.0,136.0,364,1.0,3.0,104.0,674.0,2015
Oklahoma,5.0,110.0,31.0,79,0.0,1.0,136.0,362.0,2015
Oregon,25.0,15.0,8.0,"1,103",0.0,3.0,51.0,1205.0,2015
Pennsylvania,6.0,60.0,37.0,487,1.0,1.0,107.0,699.0,2015
Rhode Island,6.0,5.0,0.0,178,0.0,0.0,8.0,197.0,2015
South Carolina,27.0,11.0,68.0,328,2.0,1.0,56.0,493.0,2015
South Dakota,2.0,0.0,80.0,24,0.0,0.0,23.0,129.0,2015
Tennessee,35.0,21.0,69.0,863,0.0,0.0,98.0,1086.0,2015
Texas,21.0,116.0,197.0,"2,024",1.0,16.0,489.0,2864.0,2015
Utah,1.0,92.0,3.0,269,0.0,6.0,46.0,417.0,2015
Vermont,2.0,3.0,1.0,275,0.0,0.0,4.0,285.0,2015
Virginia,9.0,21.0,18.0,759,0.0,1.0,84.0,892.0,2015
Washington,30.0,24.0,21.0,"1,588",0.0,1.0,92.0,1756.0,2015
West Virginia,2.0,3.0,9.0,68,0.0,0.0,16.0,98.0,2015
Wisconsin,6.0,57.0,156.0,376,0.0,1.0,74.0,670.0,2015
Wyoming,14.0,12.0,11.0,32,0.0,0.0,29.0,98.0,2015
Alabama,6.0,25.0,32.0,94,0.0,1.0,101.0,259.0,2014
Alaska,0.0,1.0,0.0,1,0.0,0.0,6.0,8.0,2014
Arizona,78.0,36.0,30.0,781,1.0,7.0,66.0,999.0,2014
Arkansas,4.0,13.0,43.0,57,0.0,1.0,37.0,155.0,2014
California,85.0,284.0,94.0,"6,990",22.0,46.0,237.0,7758.0,2014
Colorado,17.0,42.0,86.0,453,1.0,0.0,48.0,647.0,2014
Connecticut,3.0,15.0,3.0,359,1.0,1.0,17.0,399.0,2014
Delaware,1.0,1.0,1.0,26,1.0,0.0,7.0,37.0,2014
District of Columbia,7.0,2.0,3.0,134,0.0,0.0,0.0,146.0,2014
Florida,17.0,42.0,62.0,"1,262",0.0,1.0,62.0,1446.0,2014
Georgia,24.0,30.0,52.0,670,0.0,2.0,58.0,836.0,2014
Hawaii,9.0,1.0,3.0,431,2.0,0.0,3.0,449.0,2014
Idaho,4.0,10.0,8.0,23,0.0,8.0,25.0,78.0,2014
Illinois,12.0,49.0,234.0,799,1.0,1.0,104.0,1200.0,2014
Indiana,6.0,28.0,188.0,231,0.0,2.0,174.0,629.0,2014
Iowa,9.0,6.0,210.0,109,0.0,0.0,19.0,353.0,2014
Kansas,7.0,12.0,25.0,184,0.0,0.0,35.0,263.0,2014
Kentucky,4.0,5.0,62.0,106,0.0,1.0,47.0,225.0,2014
Louisiana,2.0,24.0,8.0,68,0.0,1.0,33.0,136.0,2014
Maine,3.0,2.0,0.0,41,0.0,0.0,15.0,61.0,2014
Maryland,8.0,11.0,34.0,650,0.0,0.0,20.0,723.0,2014
Massachusetts,12.0,24.0,9.0,721,1.0,0.0,21.0,788.0,2014
Michigan,16.0,23.0,220.0,706,4.0,0.0,81.0,1050.0,2014
Minnesota,10.0,17.0,278.0,446,0.0,0.0,29.0,780.0,2014
Mississippi,4.0,8.0,3.0,35,0.0,0.0,111.0,161.0,2014
Missouri,5.0,18.0,101.0,194,1.0,0.0,62.0,381.0,2014
Montana,6.0,2.0,2.0,10,0.0,0.0,50.0,70.0,2014
Nebraska,5.0,11.0,80.0,40,0.0,0.0,24.0,160.0,2014
Nevada,5.0,9.0,21.0,258,1.0,4.0,32.0,330.0,2014
New Hampshire,4.0,3.0,1.0,65,0.0,0.0,15.0,88.0,2014
New Jersey,5.0,25.0,5.0,262,0.0,0.0,9.0,306.0,2014
New Mexico,8.0,14.0,14.0,59,0.0,1.0,44.0,140.0,2014
New York,37.0,114.0,83.0,"1,038",7.0,0.0,57.0,1336.0,2014
North Carolina,133.0,39.0,23.0,682,0.0,0.0,90.0,967.0,2014
North Dakota,3.0,1.0,77.0,4,0.0,0.0,19.0,104.0,2014
Ohio,17.0,45.0,128.0,239,2.0,2.0,68.0,501.0,2014
Oklahoma,6.0,100.0,25.0,46,0.0,1.0,143.0,321.0,2014
Oregon,25.0,15.0,7.0,989,0.0,1.0,34.0,1071.0,2014
Pennsylvania,6.0,46.0,33.0,381,2.0,0.0,74.0,542.0,2014
Rhode Island,6.0,6.0,0.0,149,0.0,0.0,5.0,166.0,2014
South Carolina,41.0,9.0,71.0,247,2.0,1.0,45.0,416.0,2014
South Dakota,2.0,0.0,82.0,32,0.0,0.0,18.0,134.0,2014
Tennessee,37.0,18.0,66.0,924,0.0,2.0,91.0,1138.0,2014
Texas,17.0,97.0,136.0,"1,839",1.0,10.0,441.0,2541.0,2014
Utah,3.0,89.0,3.0,144,0.0,7.0,24.0,270.0,2014
Vermont,1.0,3.0,1.0,122,0.0,0.0,2.0,129.0,2014
Virginia,11.0,23.0,17.0,593,1.0,0.0,74.0,719.0,2014
Washington,31.0,23.0,21.0,"1,486",0.0,1.0,70.0,1632.0,2014
West Virginia,2.0,3.0,9.0,101,0.0,0.0,12.0,127.0,2014
Wisconsin,6.0,60.0,136.0,304,0.0,1.0,54.0,561.0,2014
Wyoming,13.0,11.0,10.0,17,0.0,0.0,18.0,69.0,2014
Alabama,2.0,1.0,0.0,0.0,0.0,0.0,7.0,10.0,2013
Alaska,10.0,21.0,29.0,50.0,0.0,2.0,113.0,225.0,2013
Arizona,5.0,8.0,30.0,38.0,0.0,0.0,39.0,120.0,2013
Arkansas,79.0,32.0,31.0,710.0,1.0,6.0,62.0,921.0,2013
California,84.0,258.0,88.0,5176.0,21.0,43.0,233.0,5903.0,2013
Colorado,19.0,36.0,85.0,256.0,1.0,0.0,52.0,449.0,2013
Connecticut,2.0,16.0,1.0,217.0,2.0,1.0,15.0,254.0,2013
Delaware,1.0,1.0,1.0,20.0,0.0,0.0,4.0,27.0,2013
District of Columbia,7.0,2.0,3.0,62.0,0.0,0.0,0.0,74.0,2013
Florida,17.0,33.0,54.0,996.0,0.0,0.0,65.0,1165.0,2013
Georgia,25.0,25.0,61.0,370.0,0.0,1.0,57.0,539.0,2013
Hawaii,9.0,1.0,3.0,351.0,3.0,0.0,3.0,370.0,2013
Idaho,7.0,4.0,186.0,87.0,0.0,0.0,21.0,305.0,2013
Illinois,6.0,8.0,9.0,13.0,0.0,5.0,25.0,66.0,2013
Indiana,11.0,40.0,218.0,527.0,1.0,0.0,102.0,899.0,2013
Iowa,7.0,20.0,169.0,183.0,0.0,1.0,174.0,554.0,2013
Kansas,7.0,6.0,28.0,109.0,0.0,0.0,36.0,186.0,2013
Kentucky,4.0,4.0,55.0,45.0,0.0,0.0,47.0,155.0,2013
Louisiana,2.0,20.0,4.0,53.0,0.0,1.0,34.0,114.0,2013
Maine,12.0,23.0,8.0,546.0,1.0,0.0,17.0,607.0,2013
Maryland,9.0,9.0,25.0,553.0,0.0,0.0,17.0,613.0,2013
Massachusetts,3.0,1.0,1.0,24.0,0.0,0.0,12.0,41.0,2013
Michigan,19.0,19.0,163.0,721.0,4.0,0.0,73.0,999.0,2013
Minnesota,11.0,11.0,336.0,235.0,0.0,0.0,33.0,626.0,2013
Mississippi,4.0,12.0,106.0,146.0,1.0,0.0,64.0,333.0,2013
Missouri,4.0,5.0,1.0,37.0,0.0,0.0,125.0,172.0,2013
Montana,6.0,2.0,4.0,2.0,0.0,0.0,45.0,59.0,2013
Nebraska,135.0,36.0,22.0,524.0,0.0,0.0,97.0,814.0,2013
Nevada,3.0,1.0,58.0,4.0,0.0,0.0,18.0,84.0,2013
New Hampshire,3.0,9.0,75.0,28.0,0.0,0.0,22.0,137.0,2013
New Jersey,5.0,3.0,0.0,40.0,0.0,0.0,10.0,58.0,2013
New Mexico,5.0,29.0,5.0,219.0,0.0,0.0,10.0,268.0,2013
New York,8.0,11.0,13.0,33.0,0.0,0.0,45.0,110.0,2013
North Carolina,6.0,7.0,20.0,107.0,1.0,2.0,39.0,182.0,2013
North Dakota,38.0,111.0,81.0,693.0,9.0,0.0,63.0,995.0,2013
Ohio,19.0,25.0,97.0,175.0,1.0,2.0,66.0,385.0,2013
Oklahoma,5.0,94.0,27.0,32.0,0.0,0.0,149.0,307.0,2013
Oregon,24.0,14.0,8.0,915.0,0.0,0.0,34.0,995.0,2013
Pennsylvania,7.0,51.0,33.0,263.0,2.0,0.0,73.0,429.0,2013
Rhode Island,7.0,6.0,1.0,143.0,0.0,0.0,6.0,163.0,2013
South Carolina,60.0,10.0,82.0,218.0,2.0,1.0,44.0,417.0,2013
South Dakota,2.0,0.0,87.0,13.0,0.0,0.0,17.0,119.0,2013
Tennessee,44.0,9.0,52.0,866.0,0.0,0.0,102.0,1073.0,2013
Texas,20.0,62.0,81.0,1599.0,1.0,10.0,458.0,2231.0,2013
Utah,3.0,88.0,3.0,72.0,0.0,7.0,27.0,200.0,2013
Vermont,12.0,20.0,19.0,370.0,1.0,0.0,58.0,480.0,2013
Virginia,2.0,3.0,1.0,51.0,0.0,0.0,3.0,60.0,2013
Washington,33.0,24.0,24.0,1325.0,1.0,1.0,68.0,1476.0,2013
West Virginia,4.0,45.0,115.0,211.0,0.0,1.0,54.0,430.0,2013
Wisconsin,2.0,3.0,4.0,42.0,0.0,0.0,12.0,63.0,2013
Wyoming,13.0,11.0,9.0,2.0,0.0,0.0,17.0,52.0,2013
Alabama,0.0,1.0,0.0,4.0,0.0,0.0,7.0,12.0,2012
Alaska,11.0,15.0,28.0,48.0,0.0,2.0,94.0,198.0,2012
Arizona,4.0,5.0,33.0,36.0,0.0,0.0,44.0,122.0,2012
Arkansas,20.0,33.0,32.0,527.0,1.0,6.0,63.0,682.0,2012
California,69.0,256.0,71.0,3573.0,24.0,41.0,227.0,4261.0,2012
Colorado,21.0,36.0,84.0,206.0,1.0,0.0,59.0,407.0,2012
Connecticut,2.0,16.0,1.0,150.0,2.0,1.0,15.0,187.0,2012
Delaware,1.0,1.0,1.0,14.0,0.0,0.0,3.0,20.0,2012
District of Columbia,2.0,2.0,3.0,105.0,0.0,0.0,0.0,112.0,2012
Florida,15.0,28.0,51.0,862.0,0.0,0.0,68.0,1024.0,2012
Georgia,26.0,23.0,59.0,193.0,0.0,0.0,46.0,347.0,2012
Hawaii,8.0,1.0,3.0,315.0,3.0,0.0,3.0,333.0,2012
Idaho,7.0,2.0,188.0,72.0,0.0,0.0,20.0,289.0,2012
Illinois,7.0,8.0,9.0,11.0,0.0,0.0,27.0,62.0,2012
Indiana,10.0,36.0,206.0,471.0,1.0,0.0,97.0,821.0,2012
Iowa,8.0,15.0,157.0,166.0,0.0,0.0,181.0,527.0,2012
Kansas,7.0,6.0,32.0,67.0,0.0,0.0,36.0,148.0,2012
Kentucky,3.0,4.0,35.0,36.0,0.0,0.0,43.0,121.0,2012
Louisiana,2.0,18.0,4.0,61.0,0.0,1.0,21.0,107.0,2012
Maine,6.0,20.0,8.0,414.0,1.0,0.0,20.0,469.0,2012
Maryland,9.0,9.0,22.0,406.0,0.0,0.0,18.0,464.0,2012
Massachusetts,4.0,1.0,1.0,21.0,0.0,0.0,9.0,36.0,2012
Michigan,18.0,19.0,129.0,651.0,4.0,0.0,75.0,896.0,2012
Minnesota,9.0,8.0,360.0,150.0,0.0,0.0,37.0,564.0,2012
Mississippi,4.0,11.0,110.0,120.0,1.0,0.0,64.0,310.0,2012
Missouri,3.0,2.0,1.0,38.0,0.0,0.0,138.0,182.0,2012
Montana,6.0,2.0,3.0,2.0,0.0,0.0,41.0,54.0,2012
Nebraska,137.0,30.0,30.0,465.0,0.0,0.0,64.0,726.0,2012
Nevada,3.0,2.0,79.0,4.0,0.0,0.0,18.0,106.0,2012
New Hampshire,3.0,8.0,77.0,8.0,0.0,0.0,22.0,118.0,2012
New Jersey,3.0,3.0,0.0,42.0,0.0,0.0,11.0,59.0,2012
New Mexico,5.0,27.0,5.0,188.0,0.0,0.0,10.0,235.0,2012
New York,8.0,10.0,14.0,31.0,0.0,0.0,49.0,112.0,2012
North Carolina,5.0,7.0,19.0,55.0,2.0,1.0,39.0,128.0,2012
North Dakota,21.0,111.0,84.0,520.0,9.0,0.0,35.0,780.0,2012
Ohio,21.0,24.0,88.0,149.0,1.0,1.0,71.0,355.0,2012
Oklahoma,5.0,91.0,27.0,26.0,0.0,0.0,54.0,203.0,2012
Oregon,25.0,14.0,8.0,775.0,0.0,0.0,33.0,855.0,2012
Pennsylvania,7.0,40.0,32.0,217.0,2.0,0.0,70.0,368.0,2012
Rhode Island,2.0,6.0,0.0,41.0,0.0,0.0,6.0,55.0,2012
South Carolina,33.0,7.0,84.0,210.0,2.0,0.0,34.0,370.0,2012
South Dakota,2.0,0.0,100.0,9.0,0.0,0.0,17.0,128.0,2012
Tennessee,44.0,8.0,43.0,738.0,0.0,0.0,75.0,908.0,2012
Texas,17.0,52.0,80.0,1310.0,1.0,9.0,471.0,1940.0,2012
Utah,3.0,88.0,4.0,67.0,0.0,3.0,26.0,191.0,2012
Vermont,14.0,16.0,18.0,300.0,2.0,0.0,58.0,408.0,2012
Virginia,1.0,3.0,1.0,28.0,0.0,0.0,4.0,37.0,2012
Washington,37.0,23.0,20.0,1068.0,1.0,0.0,72.0,1221.0,2012
West Virginia,4.0,31.0,126.0,185.0,0.0,1.0,51.0,398.0,2012
Wisconsin,2.0,0.0,4.0,37.0,0.0,0.0,9.0,52.0,2012
Wyoming,12.0,11.0,9.0,0.0,0.0,0.0,21.0,53.0,2012
Alabama,0.0,1.0,0.0,0.0,0.0,0.0,8.0,9.0,2011
Alaska,6.0,11.0,20.0,4.0,0.0,1.0,106.0,148.0,2011
Arizona,5.0,6.0,20.0,11.0,0.0,0.0,49.0,91.0,2011
Arkansas,14.0,30.0,33.0,43.0,1.0,1.0,67.0,189.0,2011
California,48.0,224.0,58.0,1392.0,23.0,34.0,227.0,2006.0,2011
Colorado,14.0,29.0,83.0,33.0,1.0,0.0,53.0,213.0,2011
Connecticut,3.0,13.0,0.0,40.0,2.0,1.0,16.0,75.0,2011
Delaware,1.0,1.0,1.0,0.0,0.0,0.0,3.0,6.0,2011
District of Columbia,2.0,2.0,3.0,51.0,0.0,0.0,0.0,58.0,2011
Florida,15.0,15.0,62.0,357.0,0.0,0.0,71.0,520.0,2011
Georgia,25.0,17.0,51.0,44.0,0.0,0.0,57.0,194.0,2011
Hawaii,8.0,0.0,1.0,60.0,1.0,0.0,3.0,73.0,2011
Idaho,3.0,0.0,167.0,24.0,0.0,0.0,21.0,215.0,2011
Illinois,9.0,8.0,9.0,19.0,0.0,0.0,29.0,74.0,2011
Indiana,8.0,27.0,218.0,170.0,1.0,0.0,67.0,491.0,2011
Iowa,4.0,9.0,153.0,9.0,0.0,0.0,52.0,227.0,2011
Kansas,6.0,4.0,40.0,13.0,0.0,0.0,38.0,101.0,2011
Kentucky,4.0,1.0,29.0,0.0,0.0,0.0,41.0,75.0,2011
Louisiana,2.0,9.0,2.0,12.0,0.0,0.0,22.0,47.0,2011
Maine,7.0,20.0,4.0,60.0,1.0,0.0,21.0,113.0,2011
Maryland,7.0,6.0,23.0,167.0,0.0,0.0,17.0,220.0,2011
Massachusetts,3.0,1.0,0.0,0.0,0.0,0.0,7.0,11.0,2011
Michigan,16.0,16.0,122.0,355.0,4.0,0.0,65.0,578.0,2011
Minnesota,3.0,2.0,364.0,69.0,0.0,0.0,38.0,476.0,2011
Mississippi,4.0,9.0,106.0,36.0,1.0,0.0,68.0,224.0,2011
Missouri,3.0,1.0,2.0,6.0,0.0,0.0,39.0,51.0,2011
Montana,6.0,2.0,1.0,0.0,0.0,0.0,46.0,55.0,2011
Nebraska,143.0,22.0,29.0,152.0,0.0,0.0,63.0,409.0,2011
Nevada,2.0,2.0,74.0,0.0,1.0,0.0,18.0,97.0,2011
New Hampshire,2.0,3.0,68.0,0.0,0.0,0.0,19.0,92.0,2011
New Jersey,5.0,4.0,0.0,15.0,0.0,0.0,12.0,36.0,2011
New Mexico,3.0,23.0,4.0,70.0,0.0,0.0,10.0,110.0,2011
New York,6.0,10.0,9.0,6.0,0.0,0.0,50.0,81.0,2011
North Carolina,5.0,11.0,23.0,27.0,2.0,0.0,41.0,109.0,2011
North Dakota,24.0,105.0,82.0,226.0,9.0,0.0,34.0,480.0,2011
Ohio,21.0,15.0,84.0,37.0,1.0,0.0,65.0,223.0,2011
Oklahoma,6.0,63.0,15.0,0.0,0.0,0.0,56.0,140.0,2011
Oregon,26.0,12.0,9.0,313.0,0.0,0.0,32.0,392.0,2011
Pennsylvania,8.0,29.0,35.0,33.0,2.0,0.0,69.0,176.0,2011
Rhode Island,2.0,5.0,0.0,5.0,0.0,0.0,6.0,18.0,2011
South Carolina,30.0,5.0,100.0,82.0,2.0,0.0,27.0,246.0,2011
South Dakota,1.0,0.0,102.0,0.0,0.0,0.0,17.0,120.0,2011
Tennessee,44.0,6.0,44.0,126.0,0.0,0.0,74.0,294.0,2011
Texas,14.0,35.0,58.0,388.0,1.0,5.0,491.0,992.0,2011
Utah,5.0,72.0,4.0,13.0,0.0,1.0,29.0,124.0,2011
Vermont,12.0,11.0,15.0,90.0,1.0,0.0,56.0,185.0,2011
Virginia,1.0,3.0,0.0,8.0,1.0,0.0,5.0,18.0,2011
Washington,32.0,15.0,19.0,438.0,0.0,0.0,67.0,571.0,2011
West Virginia,2.0,17.0,140.0,60.0,0.0,0.0,48.0,267.0,2011
Wisconsin,0.0,1.0,3.0,6.0,1.0,0.0,9.0,20.0,2011
Wyoming,13.0,8.0,5.0,0.0,0.0,0.0,22.0,48.0,2011
Alabama,5.0,4.0,15.0,0.0,0.0,1.0,128.0,153.0,2010
Alaska,1.0,2.0,0.0,0.0,0.0,0.0,8.0,11.0,2010
Arizona,14.0,36.0,32.0,8.0,1.0,5.0,61.0,157.0,2010
Arkansas,6.0,4.0,13.0,1.0,0.0,0.0,51.0,75.0,2010
California,35.0,213.0,54.0,428.0,22.0,32.0,227.0,1011.0,2010
Colorado,14.0,23.0,86.0,5.0,1.0,0.0,50.0,179.0,2010
Connecticut,1.0,13.0,1.0,4.0,2.0,0.0,16.0,37.0,2010
Delaware,3.0,1.0,1.0,0.0,0.0,0.0,3.0,8.0,2010
District of Columbia,1.0,2.0,3.0,1.0,1.0,0.0,0.0,8.0,2010
Florida,16.0,14.0,42.0,7.0,0.0,0.0,75.0,154.0,2010
Georgia,26.0,18.0,41.0,1.0,0.0,0.0,47.0,133.0,2010
Hawaii,5.0,0.0,1.0,7.0,1.0,0.0,3.0,17.0,2010
Idaho,8.0,8.0,7.0,5.0,0.0,1.0,29.0,58.0,2010
Illinois,5.0,25.0,219.0,19.0,1.0,0.0,72.0,341.0,2010
Indiana,7.0,10.0,138.0,0.0,0.0,0.0,47.0,202.0,2010
Iowa,3.0,0.0,144.0,6.0,0.0,0.0,20.0,173.0,2010
Kansas,6.0,2.0,39.0,0.0,0.0,0.0,37.0,84.0,2010
Kentucky,2.0,0.0,21.0,0.0,0.0,0.0,44.0,67.0,2010
Louisiana,1.0,7.0,5.0,0.0,0.0,0.0,16.0,29.0,2010
Maine,3.0,1.0,0.0,0.0,0.0,0.0,5.0,9.0,2010
Maryland,9.0,5.0,19.0,2.0,0.0,0.0,22.0,57.0,2010
Massachusetts,6.0,22.0,3.0,3.0,1.0,0.0,22.0,57.0,2010
Michigan,15.0,14.0,109.0,11.0,5.0,0.0,67.0,221.0,2010
Minnesota,0.0,1.0,360.0,2.0,0.0,0.0,33.0,396.0,2010
Mississippi,5.0,2.0,3.0,0.0,0.0,0.0,40.0,50.0,2010
Missouri,3.0,9.0,103.0,1.0,1.0,0.0,76.0,193.0,2010
Montana,6.0,3.0,2.0,0.0,0.0,0.0,53.0,64.0,2010
Nebraska,3.0,1.0,58.0,0.0,0.0,0.0,17.0,79.0,2010
Nevada,6.0,11.0,26.0,1.0,2.0,0.0,43.0,89.0,2010
New Hampshire,11.0,3.0,0.0,4.0,0.0,0.0,7.0,25.0,2010
New Jersey,4.0,20.0,4.0,4.0,0.0,0.0,10.0,42.0,2010
New Mexico,7.0,10.0,11.0,0.0,0.0,0.0,54.0,82.0,2010
New York,16.0,101.0,75.0,9.0,10.0,0.0,27.0,238.0,2010
North Carolina,141.0,16.0,20.0,5.0,0.0,0.0,72.0,254.0,2010
North Dakota,3.0,2.0,55.0,0.0,1.0,0.0,24.0,85.0,2010
Ohio,21.0,11.0,67.0,1.0,1.0,0.0,68.0,169.0,2010
Oklahoma,5.0,50.0,13.0,0.0,0.0,0.0,58.0,126.0,2010
Oregon,24.0,12.0,8.0,36.0,0.0,0.0,32.0,112.0,2010
Pennsylvania,6.0,24.0,37.0,1.0,2.0,0.0,70.0,140.0,2010
Rhode Island,2.0,5.0,0.0,1.0,0.0,0.0,5.0,13.0,2010
South Carolina,30.0,5.0,101.0,1.0,2.0,0.0,26.0,165.0,2010
South Dakota,2.0,0.0,101.0,0.0,0.0,0.0,18.0,121.0,2010
Tennessee,49.0,5.0,39.0,1.0,0.0,0.0,76.0,170.0,2010
Texas,17.0,30.0,48.0,26.0,1.0,4.0,520.0,646.0,2010
Utah,2.0,72.0,5.0,0.0,0.0,0.0,30.0,109.0,2010
Vermont,2.0,2.0,0.0,2.0,1.0,0.0,6.0,13.0,2010
Virginia,15.0,11.0,11.0,3.0,1.0,0.0,37.0,78.0,2010
Washington,28.0,15.0,15.0,15.0,0.0,0.0,69.0,142.0,2010
West Virginia,1.0,1.0,3.0,0.0,1.0,0.0,8.0,14.0,2010
Wisconsin,0.0,16.0,132.0,5.0,0.0,0.0,50.0,203.0,2010
Wyoming,14.0,7.0,6.0,0.0,0.0,0.0,25.0,52.0,2010
Alabama,12.0,5.0,16.0,0.0,0.0,0.0,158.0,191.0,2009
Alaska,1.0,1.0,0.0,0.0,0.0,0.0,9.0,11.0,2009
Arizona,13.0,39.0,26.0,5.0,1.0,5.0,54.0,143.0,2009
Arkansas,7.0,5.0,10.0,0.0,0.0,0.0,41.0,63.0,2009
California,39.0,200.0,45.0,411.0,26.0,27.0,189.0,937.0,2009
Colorado,19.0,20.0,80.0,1.0,2.0,0.0,46.0,168.0,2009
Connecticut,1.0,12.0,4.0,0.0,2.0,0.0,12.0,31.0,2009
Delaware,3.0,1.0,1.0,0.0,0.0,0.0,2.0,7.0,2009
District of Columbia,1.0,2.0,3.0,0.0,1.0,0.0,0.0,7.0,2009
Florida,17.0,15.0,30.0,4.0,2.0,0.0,57.0,125.0,2009
Georgia,28.0,15.0,37.0,1.0,0.0,0.0,41.0,122.0,2009
Hawaii,5.0,0.0,0.0,3.0,1.0,0.0,3.0,12.0,2009
Idaho,8.0,7.0,5.0,5.0,0.0,1.0,25.0,51.0,2009
Illinois,5.0,23.0,204.0,6.0,1.0,0.0,72.0,311.0,2009
Indiana,7.0,7.0,112.0,0.0,0.0,0.0,43.0,169.0,2009
Iowa,3.0,0.0,124.0,0.0,0.0,0.0,26.0,153.0,2009
Kansas,6.0,3.0,31.0,0.0,0.0,0.0,45.0,85.0,2009
Kentucky,2.0,0.0,15.0,0.0,0.0,0.0,25.0,42.0,2009
Louisiana,1.0,6.0,5.0,0.0,0.0,0.0,14.0,26.0,2009
Maine,3.0,1.0,0.0,0.0,0.0,0.0,9.0,13.0,2009
Maryland,9.0,4.0,15.0,0.0,0.0,0.0,18.0,46.0,2009
Massachusetts,6.0,21.0,2.0,3.0,1.0,0.0,22.0,55.0,2009
Michigan,16.0,13.0,95.0,0.0,7.0,0.0,68.0,199.0,2009
Minnesota,0.0,1.0,351.0,2.0,0.0,0.0,27.0,381.0,2009
Mississippi,6.0,2.0,4.0,0.0,0.0,0.0,35.0,47.0,2009
Missouri,5.0,10.0,97.0,0.0,1.0,0.0,69.0,182.0,2009
Montana,6.0,3.0,1.0,0.0,0.0,0.0,43.0,53.0,2009
Nebraska,4.0,1.0,48.0,0.0,0.0,0.0,18.0,71.0,2009
Nevada,13.0,11.0,14.0,0.0,2.0,0.0,28.0,68.0,2009
New Hampshire,11.0,3.0,0.0,2.0,0.0,0.0,9.0,25.0,2009
New Jersey,3.0,14.0,2.0,2.0,0.0,0.0,10.0,31.0,2009
New Mexico,8.0,8.0,10.0,0.0,0.0,0.0,51.0,77.0,2009
New York,12.0,97.0,38.0,1.0,7.0,0.0,22.0,177.0,2009
North Carolina,138.0,14.0,19.0,3.0,0.0,0.0,53.0,227.0,2009
North Dakota,3.0,2.0,30.0,0.0,1.0,0.0,23.0,59.0,2009
Ohio,21.0,9.0,63.0,0.0,1.0,0.0,68.0,162.0,2009
Oklahoma,5.0,49.0,11.0,0.0,0.0,0.0,58.0,123.0,2009
Oregon,25.0,13.0,8.0,23.0,0.0,0.0,30.0,99.0,2009
Pennsylvania,12.0,22.0,26.0,0.0,2.0,0.0,65.0,127.0,2009
Rhode Island,2.0,5.0,0.0,0.0,0.0,0.0,5.0,12.0,2009
South Carolina,30.0,3.0,87.0,0.0,2.0,0.0,20.0,142.0,2009
South Dakota,2.0,0.0,78.0,0.0,0.0,0.0,16.0,96.0,2009
Tennessee,36.0,4.0,29.0,1.0,0.0,0.0,44.0,114.0,2009
Texas,20.0,20.0,41.0,3.0,0.0,4.0,541.0,629.0,2009
Utah,4.0,59.0,5.0,0.0,0.0,0.0,24.0,92.0,2009
Vermont,1.0,2.0,0.0,2.0,1.0,0.0,4.0,10.0,2009
Virginia,17.0,11.0,9.0,3.0,1.0,0.0,38.0,79.0,2009
Washington,47.0,15.0,15.0,3.0,0.0,0.0,64.0,144.0,2009
West Virginia,1.0,0.0,3.0,0.0,1.0,0.0,8.0,13.0,2009
Wisconsin,1.0,18.0,127.0,0.0,0.0,0.0,45.0,191.0,2009
Wyoming,15.0,7.0,6.0,0.0,0.0,0.0,23.0,51.0,2009
Alabama,11.0,3.0,6.0,0.0,0.0,0.0,40.0,60.0,2008
Alaska,0.0,1.0,0.0,0.0,0.0,0.0,10.0,11.0,2008
Arizona,10.0,40.0,23.0,5.0,1.0,5.0,51.0,135.0,2008
Arkansas,2.0,3.0,7.0,0.0,0.0,0.0,37.0,49.0,2008
California,36.0,184.0,13.0,376.0,26.0,28.0,199.0,862.0,2008
Colorado,18.0,18.0,65.0,0.0,0.0,0.0,43.0,144.0,2008
Connecticut,1.0,9.0,4.0,3.0,1.0,0.0,13.0,31.0,2008
Delaware,3.0,1.0,1.0,0.0,0.0,0.0,2.0,7.0,2008
District of Columbia,1.0,1.0,3.0,0.0,1.0,0.0,0.0,6.0,2008
Florida,12.0,15.0,18.0,3.0,2.0,0.0,47.0,97.0,2008
Georgia,28.0,18.0,28.0,0.0,0.0,0.0,37.0,111.0,2008
Hawaii,7.0,0.0,0.0,4.0,1.0,0.0,3.0,15.0,2008
Idaho,6.0,7.0,5.0,0.0,0.0,1.0,25.0,44.0,2008
Illinois,3.0,20.0,181.0,5.0,1.0,0.0,52.0,262.0,2008
Indiana,6.0,14.0,111.0,0.0,0.0,0.0,31.0,162.0,2008
Iowa,5.0,0.0,107.0,0.0,0.0,0.0,24.0,136.0,2008
Kansas,5.0,2.0,23.0,0.0,0.0,0.0,44.0,74.0,2008
Kentucky,1.0,0.0,11.0,0.0,0.0,0.0,13.0,25.0,2008
Louisiana,1.0,5.0,3.0,0.0,0.0,0.0,9.0,18.0,2008
Maine,5.0,1.0,0.0,0.0,0.0,0.0,8.0,14.0,2008
Maryland,8.0,14.0,12.0,0.0,0.0,0.0,13.0,47.0,2008
Massachusetts,5.0,11.0,1.0,12.0,1.0,0.0,21.0,51.0,2008
Michigan,17.0,13.0,60.0,0.0,7.0,0.0,69.0,166.0,2008
Minnesota,1.0,1.0,353.0,0.0,0.0,0.0,30.0,385.0,2008
Mississippi,5.0,0.0,2.0,0.0,0.0,0.0,33.0,40.0,2008
Missouri,5.0,6.0,87.0,0.0,1.0,0.0,65.0,164.0,2008
Montana,4.0,3.0,1.0,0.0,0.0,0.0,29.0,37.0,2008
Nebraska,3.0,2.0,35.0,0.0,0.0,0.0,18.0,58.0,2008
Nevada,12.0,11.0,16.0,0.0,2.0,0.0,28.0,69.0,2008
New Hampshire,11.0,3.0,0.0,8.0,0.0,0.0,11.0,33.0,2008
New Jersey,1.0,11.0,0.0,0.0,0.0,0.0,10.0,22.0,2008
New Mexico,7.0,11.0,8.0,0.0,1.0,0.0,49.0,76.0,2008
New York,5.0,92.0,17.0,1.0,0.0,0.0,30.0,145.0,2008
North Carolina,66.0,12.0,14.0,0.0,0.0,0.0,44.0,136.0,2008
North Dakota,0.0,2.0,30.0,0.0,1.0,0.0,13.0,46.0,2008
Ohio,24.0,8.0,64.0,0.0,0.0,0.0,66.0,162.0,2008
Oklahoma,6.0,51.0,6.0,0.0,0.0,0.0,64.0,127.0,2008
Oregon,36.0,12.0,8.0,15.0,2.0,0.0,29.0,102.0,2008
Pennsylvania,7.0,25.0,19.0,0.0,0.0,0.0,63.0,114.0,2008
Rhode Island,2.0,6.0,0.0,2.0,1.0,0.0,4.0,15.0,2008
South Carolina,73.0,4.0,72.0,0.0,0.0,0.0,20.0,169.0,2008
South Dakota,0.0,0.0,78.0,0.0,0.0,0.0,16.0,94.0,2008
Tennessee,34.0,3.0,25.0,0.0,0.0,0.0,42.0,104.0,2008
Texas,52.0,17.0,35.0,1.0,0.0,4.0,484.0,593.0,2008
Utah,7.0,60.0,5.0,0.0,1.0,0.0,22.0,95.0,2008
Vermont,2.0,1.0,0.0,2.0,1.0,0.0,5.0,11.0,2008
Virginia,22.0,9.0,6.0,1.0,0.0,0.0,19.0,57.0,2008
Washington,41.0,14.0,14.0,2.0,0.0,0.0,52.0,123.0,2008
West Virginia,1.0,1.0,3.0,0.0,0.0,0.0,5.0,10.0,2008
Wisconsin,1.0,18.0,113.0,0.0,0.0,0.0,41.0,173.0,2008
Wyoming,14.0,8.0,6.0,0.0,0.0,0.0,27.0,55.0,2008
Alabama,13.0,3.0,3.0,0.0,0.0,0.0,52.0,71.0,2007
Alaska,0.0,1.0,0.0,0.0,0.0,0.0,10.0,11.0,2007
Arizona,10.0,37.0,13.0,12.0,1.0,3.0,58.0,134.0,2007
Arkansas,3.0,3.0,4.0,0.0,0.0,0.0,41.0,51.0,2007
California,39.0,186.0,6.0,367.0,23.0,29.0,206.0,856.0,2007
Colorado,30.0,21.0,45.0,2.0,0.0,0.0,59.0,157.0,2007
Connecticut,1.0,10.0,2.0,3.0,0.0,0.0,16.0,32.0,2007
Delaware,3.0,1.0,1.0,0.0,0.0,0.0,3.0,8.0,2007
District of Columbia,1.0,1.0,3.0,0.0,1.0,0.0,0.0,6.0,2007
Florida,14.0,17.0,11.0,2.0,1.0,0.0,49.0,94.0,2007
Georgia,27.0,19.0,11.0,0.0,0.0,0.0,39.0,96.0,2007
Hawaii,7.0,0.0,0.0,4.0,1.0,0.0,4.0,16.0,2007
Idaho,34.0,7.0,4.0,0.0,0.0,1.0,27.0,73.0,2007
Illinois,13.0,14.0,159.0,0.0,0.0,0.0,58.0,244.0,2007
Indiana,11.0,15.0,98.0,0.0,0.0,0.0,34.0,158.0,2007
Iowa,13.0,0.0,75.0,0.0,0.0,0.0,24.0,112.0,2007
Kansas,4.0,3.0,20.0,0.0,0.0,0.0,46.0,73.0,2007
Kentucky,8.0,0.0,8.0,0.0,0.0,0.0,18.0,34.0,2007
Louisiana,2.0,10.0,1.0,0.0,0.0,0.0,11.0,24.0,2007
Maine,2.0,1.0,0.0,0.0,0.0,0.0,8.0,11.0,2007
Maryland,6.0,15.0,8.0,0.0,0.0,0.0,15.0,44.0,2007
Massachusetts,7.0,11.0,0.0,18.0,0.0,0.0,23.0,59.0,2007
Michigan,18.0,13.0,51.0,0.0,2.0,0.0,80.0,164.0,2007
Minnesota,3.0,1.0,313.0,0.0,0.0,0.0,31.0,348.0,2007
Mississippi,5.0,0.0,1.0,0.0,0.0,0.0,36.0,42.0,2007
Missouri,33.0,7.0,69.0,0.0,0.0,0.0,77.0,186.0,2007
Montana,4.0,3.0,2.0,0.0,0.0,0.0,31.0,40.0,2007
Nebraska,5.0,2.0,27.0,0.0,0.0,0.0,19.0,53.0,2007
Nevada,27.0,11.0,6.0,0.0,1.0,0.0,28.0,73.0,2007
New Hampshire,13.0,3.0,0.0,10.0,0.0,0.0,11.0,37.0,2007
New Jersey,0.0,11.0,0.0,0.0,0.0,0.0,10.0,21.0,2007
New Mexico,5.0,10.0,6.0,0.0,0.0,0.0,54.0,75.0,2007
New York,9.0,37.0,8.0,1.0,0.0,0.0,28.0,83.0,2007
North Carolina,63.0,11.0,12.0,0.0,0.0,0.0,52.0,138.0,2007
North Dakota,0.0,4.0,23.0,0.0,0.0,0.0,14.0,41.0,2007
Ohio,29.0,11.0,47.0,0.0,0.0,0.0,68.0,155.0,2007
Oklahoma,8.0,50.0,4.0,0.0,0.0,0.0,69.0,131.0,2007
Oregon,35.0,13.0,6.0,8.0,0.0,0.0,32.0,94.0,2007
Pennsylvania,36.0,29.0,12.0,0.0,1.0,0.0,72.0,150.0,2007
Rhode Island,0.0,7.0,0.0,2.0,0.0,0.0,4.0,13.0,2007
South Carolina,73.0,3.0,55.0,1.0,0.0,0.0,27.0,159.0,2007
South Dakota,0.0,0.0,59.0,0.0,0.0,0.0,17.0,76.0,2007
Tennessee,50.0,4.0,11.0,0.0,0.0,0.0,53.0,118.0,2007
Texas,55.0,14.0,33.0,1.0,0.0,2.0,530.0,635.0,2007
Utah,6.0,60.0,4.0,0.0,0.0,0.0,23.0,93.0,2007
Vermont,7.0,1.0,0.0,1.0,1.0,0.0,5.0,15.0,2007
Virginia,18.0,9.0,5.0,0.0,1.0,0.0,21.0,54.0,2007
Washington,37.0,13.0,7.0,0.0,0.0,0.0,55.0,112.0,2007
West Virginia,0.0,2.0,3.0,0.0,0.0,0.0,7.0,12.0,2007
Wisconsin,4.0,19.0,84.0,0.0,0.0,0.0,45.0,152.0,2007
Wyoming,14.0,8.0,5.0,0.0,0.0,0.0,31.0,58.0,2007
